"ipset","chain","target","osi","member","membertype","packets"
"Untreated","INPUT","DROP","5","43.173.177.179","IP","40"
"Untreated","INPUT","DROP","5","134.209.214.43","IP","25"
"Untreated","INPUT","DROP","5","52.176.217.57","IP","38"
"Untreated","INPUT","DROP","5","147.185.132.146","IP","2"
"Untreated","INPUT","DROP","5","4.194.133.126","IP","5"
"Untreated","INPUT","DROP","5","35.203.210.137","IP","1"
"Untreated","INPUT","DROP","5","43.173.177.85","IP","25"
"Untreated","INPUT","DROP","5","205.210.31.71","IP","1"
"custody","INPUT","DROP","5","199.195.254.215","IP","112"
"custody","INPUT","DROP","5","3.27.125.185","IP","127"
"custody","INPUT","DROP","5","209.38.86.189","IP","2078"
"custody","INPUT","DROP","5","34.96.41.59","IP","42"
"custody","INPUT","DROP","5","8.217.213.2","IP","13"
"custody","INPUT","DROP","5","52.141.42.203","IP","39"
"custody","INPUT","DROP","5","43.165.62.189","IP","203"
"custody","INPUT","DROP","5","101.47.163.80","IP","44"
"custody","INPUT","DROP","5","147.50.103.212","IP","106"
"custody","INPUT","DROP","5","196.0.120.211","IP","106"
"custody","INPUT","DROP","5","148.113.24.68","IP","190"
"custody","INPUT","DROP","5","134.199.195.212","IP","2342"
"custody","INPUT","DROP","5","172.96.182.111","IP","115"
"custody","INPUT","DROP","5","45.78.222.3","IP","49"
"custody","INPUT","DROP","5","173.246.158.158","IP","21"
"custody","INPUT","DROP","5","51.159.4.231","IP","22"
"custody","INPUT","DROP","5","157.245.186.9","IP","195"
"custody","INPUT","DROP","5","45.78.222.111","IP","34"
"custody","INPUT","DROP","5","134.199.154.101","IP","2088"
"custody","INPUT","DROP","5","47.251.158.230","IP","27"
"custody","INPUT","DROP","5","93.158.71.185","IP","7"
"custody","INPUT","DROP","5","80.241.216.90","IP","110"
"custody","INPUT","DROP","5","161.35.89.98","IP","26"
"custody","INPUT","DROP","5","60.249.21.57","IP","95"
"custody","INPUT","DROP","5","164.92.255.27","IP","5"
"custody","INPUT","DROP","5","54.38.52.18","IP","108"
"custody","INPUT","DROP","5","4.230.44.177","IP","42"
"custody","INPUT","DROP","5","152.42.240.109","IP","192"
"custody","INPUT","DROP","5","181.64.27.145","IP","102"
"custody","INPUT","DROP","5","149.88.74.74","IP","10"
"custody","INPUT","DROP","5","198.235.24.244","IP","2"
"custody","INPUT","DROP","5","51.178.28.8","IP","113"
"custody","INPUT","DROP","5","147.185.133.23","IP","86"
"custody","INPUT","DROP","5","51.89.1.85","IP","698"
"custody","INPUT","DROP","5","27.254.152.90","IP","107"
"custody","INPUT","DROP","5","74.225.136.96","IP","41"
"custody","INPUT","DROP","5","88.151.33.203","IP","13"
"custody","INPUT","DROP","5","159.223.89.85","IP","200"
"custody","INPUT","DROP","5","134.122.63.138","IP","26"
"custody","INPUT","DROP","5","45.149.173.225","IP","148"
"custody","INPUT","DROP","5","103.144.28.85","IP","108"
"custody","INPUT","DROP","5","153.80.118.87","IP","14"
"custody","INPUT","DROP","5","69.171.234.12","IP","10"
"custody","INPUT","DROP","5","61.220.235.10","IP","107"
"custody","INPUT","DROP","5","45.78.220.155","IP","44"
"custody","INPUT","DROP","5","4.190.202.25","IP","38"
"custody","INPUT","DROP","5","162.142.125.206","IP","22"
"custody","INPUT","DROP","5","167.94.138.187","IP","21"
"custody","INPUT","DROP","5","185.247.137.253","IP","3"
"custody","INPUT","DROP","5","45.199.213.245","IP","14"
"custody","INPUT","DROP","5","185.117.225.28","IP","39"
"custody","INPUT","DROP","5","152.53.244.123","IP","28"
"custody","INPUT","DROP","5","190.119.63.98","IP","106"
"custody","INPUT","DROP","5","173.252.95.115","IP","11"
"custody","INPUT","DROP","5","51.222.185.200","IP","7"
"custody","INPUT","DROP","5","51.89.166.236","IP","108"
"custody","INPUT","DROP","5","85.208.96.202","IP","28"
"custody","INPUT","DROP","5","17.22.253.42","IP","19"
"custody","INPUT","DROP","5","220.88.56.75","IP","9"
"custody","INPUT","DROP","5","185.191.171.9","IP","20"
"custody","INPUT","DROP","5","66.132.153.113","IP","26"
"custody","INPUT","DROP","5","163.44.99.31","IP","184"
"custody","INPUT","DROP","5","178.254.21.149","IP","151"
"custody","INPUT","DROP","5","4.213.136.62","IP","39"
"custody","INPUT","DROP","5","162.254.35.152","IP","106"
"custody","INPUT","DROP","5","4.194.133.126","IP","41"
"custody","INPUT","DROP","5","143.110.217.244","IP","5"
"custody","INPUT","DROP","5","13.74.146.113","IP","27"
"custody","INPUT","DROP","5","4.223.173.255","IP","223"
"custody","INPUT","DROP","5","134.185.83.182","IP","390"
"custody","INPUT","DROP","5","20.184.35.52","IP","41"
"custody","INPUT","DROP","5","190.212.205.112","IP","11"
"custody","INPUT","DROP","5","23.157.88.55","IP","195"
"custody","INPUT","DROP","5","138.124.24.147","IP","48"
"custody","INPUT","DROP","5","47.251.158.236","IP","11"
"custody","INPUT","DROP","5","23.129.64.182","IP","21"
"custody","INPUT","DROP","5","124.248.190.31","IP","17"
"custody","INPUT","DROP","5","3.14.127.64","IP","81"
"custody","INPUT","DROP","5","47.251.158.241","IP","26"
"custody","INPUT","DROP","5","101.36.120.76","IP","77"
"custody","INPUT","DROP","5","154.37.215.225","IP","622"
"custody","INPUT","DROP","5","20.238.106.24","IP","345"
"custody","INPUT","DROP","5","147.185.132.182","IP","89"
"custody","INPUT","DROP","5","20.76.82.176","IP","139"
"custody","INPUT","DROP","5","181.127.128.70","IP","4"
"custody","INPUT","DROP","5","4.213.160.187","IP","40"
"custody","INPUT","DROP","5","151.80.61.151","IP","87"
"custody","INPUT","DROP","5","47.251.158.246","IP","34"
"custody","INPUT","DROP","5","52.176.217.57","IP","612"
"custody","INPUT","DROP","5","129.212.184.233","IP","2342"
"custody","INPUT","DROP","5","27.119.7.6","IP","198"
"custody","INPUT","DROP","5","45.93.168.35","IP","113"
"custody","INPUT","DROP","5","35.203.211.23","IP","2"
"custody","INPUT","DROP","5","38.99.23.59","IP","30"
"custody","INPUT","DROP","5","17.22.253.100","IP","34"
"custody","INPUT","DROP","5","17.241.219.93","IP","21"
"custody","INPUT","DROP","5","174.138.13.160","IP","26"
"custody","INPUT","DROP","5","41.63.62.103","IP","193"
"custody","INPUT","DROP","5","174.84.246.11","IP","108"
"custody","INPUT","DROP","5","107.191.113.251","IP","32"
"custody","INPUT","DROP","5","20.168.8.243","IP","24"
"custody","INPUT","DROP","5","34.142.110.144","IP","109"
"custody","INPUT","DROP","5","199.45.154.115","IP","40"
"custody","INPUT","DROP","5","146.190.226.252","IP","29"
"custody","INPUT","DROP","5","81.192.46.35","IP","108"
"custody","INPUT","DROP","5","43.134.13.44","IP","95"
"custody","INPUT","DROP","5","45.78.217.69","IP","30"
"custody","INPUT","DROP","5","101.47.142.210","IP","48"
"custody","INPUT","DROP","5","147.185.133.56","IP","88"
"custody","INPUT","DROP","5","17.246.19.213","IP","19"
"custody","INPUT","DROP","5","213.209.159.77","IP","31"
"custody","INPUT","DROP","5","34.96.41.105","IP","43"
"custody","INPUT","DROP","5","199.45.155.91","IP","28"
"custody","INPUT","DROP","5","92.205.57.72","IP","113"
"custody","INPUT","DROP","5","3.16.91.154","IP","82"
"custody","INPUT","DROP","5","138.68.182.24","IP","116"
"custody","INPUT","DROP","5","24.139.85.223","IP","105"
"custody","INPUT","DROP","5","104.206.93.214","IP","25"
"custody","INPUT","DROP","5","184.168.21.211","IP","195"
"custody","INPUT","DROP","5","101.47.160.200","IP","53"
"custody","INPUT","DROP","5","104.28.214.113","IP","35"
"custody","INPUT","DROP","5","167.94.146.59","IP","5"
"custody","INPUT","DROP","5","136.114.54.192","IP","329"
"custody","INPUT","DROP","5","118.193.39.45","IP","31"
"custody","INPUT","DROP","5","35.243.139.250","IP","40"
"custody","INPUT","DROP","5","101.47.161.80","IP","60"
"custody","INPUT","DROP","5","103.18.229.242","IP","193"
"custody","INPUT","DROP","5","115.127.142.210","IP","36"
"custody","INPUT","DROP","5","104.236.111.164","IP","3834"
"custody","INPUT","DROP","5","223.197.248.209","IP","105"
"custody","INPUT","DROP","5","45.196.124.37","IP","14"
"custody","INPUT","DROP","5","190.108.79.119","IP","85"
"custody","INPUT","DROP","5","147.185.132.175","IP","94"
"custody","INPUT","DROP","5","167.94.138.173","IP","27"
"custody","INPUT","DROP","5","34.118.250.149","IP","21"
"custody","INPUT","DROP","5","190.60.48.197","IP","101"
"custody","INPUT","DROP","5","165.210.33.193","IP","20"
"custody","INPUT","DROP","5","147.185.132.81","IP","1"
"custody","INPUT","DROP","5","51.159.18.215","IP","16"
"custody","INPUT","DROP","5","69.171.234.67","IP","10"
"custody","INPUT","DROP","5","57.141.20.27","IP","35"
"custody","INPUT","DROP","5","72.144.147.115","IP","140"
"custody","INPUT","DROP","5","147.185.133.46","IP","88"
"custody","INPUT","DROP","5","185.25.150.161","IP","108"
"custody","INPUT","DROP","5","74.48.89.124","IP","108"
"custody","INPUT","DROP","5","223.17.0.220","IP","106"
"custody","INPUT","DROP","5","188.166.154.34","IP","30"
"custody","INPUT","DROP","5","13.86.104.46","IP","25"
"custody","INPUT","DROP","5","31.220.78.43","IP","86"
"custody","INPUT","DROP","5","20.64.105.20","IP","21"
"custody","INPUT","DROP","5","54.87.206.175","IP","463"
"custody","INPUT","DROP","5","172.202.104.157","IP","21"
"custody","INPUT","DROP","5","69.171.230.112","IP","2"
"custody","INPUT","DROP","5","43.166.242.149","IP","47"
"custody","INPUT","DROP","5","17.22.237.186","IP","22"
"custody","INPUT","DROP","5","101.47.141.6","IP","37"
"custody","INPUT","DROP","5","123.200.21.6","IP","36"
"custody","INPUT","DROP","5","45.78.222.237","IP","50"
"custody","INPUT","DROP","5","45.93.168.44","IP","109"
"custody","INPUT","DROP","5","165.245.136.216","IP","2342"
"custody","INPUT","DROP","5","134.199.197.108","IP","2342"
"custody","INPUT","DROP","5","34.139.143.88","IP","34"
"custody","INPUT","DROP","5","45.249.247.124","IP","57"
"custody","INPUT","DROP","5","20.7.180.138","IP","391"
"custody","INPUT","DROP","5","74.135.8.252","IP","195"
"custody","INPUT","DROP","5","17.241.227.176","IP","20"
"custody","INPUT","DROP","5","40.71.212.238","IP","561"
"custody","INPUT","DROP","5","143.110.186.198","IP","245"
"custody","INPUT","DROP","5","157.230.32.160","IP","105"
"custody","INPUT","DROP","5","17.246.15.79","IP","19"
"custody","INPUT","DROP","5","52.147.68.81","IP","42"
"custody","INPUT","DROP","5","159.198.32.61","IP","106"
"custody","INPUT","DROP","5","218.149.161.220","IP","27"
"custody","INPUT","DROP","5","93.108.120.147","IP","50"
"custody","INPUT","DROP","5","47.251.158.231","IP","26"
"custody","INPUT","DROP","5","51.12.94.149","IP","127"
"custody","INPUT","DROP","5","23.94.37.113","IP","108"
"custody","INPUT","DROP","5","46.24.47.94","IP","112"
"custody","INPUT","DROP","5","45.78.206.234","IP","66"
"custody","INPUT","DROP","5","139.59.122.181","IP","106"
"custody","INPUT","DROP","5","83.235.16.111","IP","108"
"custody","INPUT","DROP","5","140.245.100.165","IP","210"
"custody","INPUT","DROP","5","101.47.160.237","IP","49"
"custody","INPUT","DROP","5","20.64.104.195","IP","30"
"custody","INPUT","DROP","5","68.221.133.4","IP","341"
"custody","INPUT","DROP","5","152.228.131.33","IP","113"
"custody","INPUT","DROP","5","51.38.98.14","IP","196"
"custody","INPUT","DROP","5","144.31.103.10","IP","9"
"custody","INPUT","DROP","5","72.146.4.52","IP","565"
"custody","INPUT","DROP","5","20.169.107.4","IP","1"
"custody","INPUT","DROP","5","172.161.73.91","IP","357"
"custody","INPUT","DROP","5","165.245.131.13","IP","20"
"custody","INPUT","DROP","5","74.249.177.87","IP","18"
"custody","INPUT","DROP","5","45.78.228.23","IP","56"
"custody","INPUT","DROP","5","167.94.138.118","IP","22"
"custody","INPUT","DROP","5","1.162.228.28","IP","104"
"custody","INPUT","DROP","5","162.216.150.130","IP","2"
"custody","INPUT","DROP","5","17.246.23.218","IP","25"
"custody","INPUT","DROP","5","17.246.23.116","IP","22"
"custody","INPUT","DROP","5","135.237.126.218","IP","20"
"custody","INPUT","DROP","5","165.245.131.71","IP","20"
"custody","INPUT","DROP","5","13.74.233.64","IP","108"
"custody","INPUT","DROP","5","151.219.62.77","IP","11"
"custody","INPUT","DROP","5","47.180.114.229","IP","108"
"custody","INPUT","DROP","5","18.201.64.96","IP","28"
"custody","INPUT","DROP","5","98.83.72.38","IP","1"
"custody","INPUT","DROP","5","4.197.232.154","IP","39"
"custody","INPUT","DROP","5","34.19.86.100","IP","57"
"custody","INPUT","DROP","5","45.78.216.158","IP","47"
"custody","INPUT","DROP","5","45.120.216.232","IP","87"
"custody","INPUT","DROP","5","146.190.239.126","IP","26"
"custody","INPUT","DROP","5","189.244.114.181","IP","106"
"custody","INPUT","DROP","5","45.78.222.53","IP","38"
"custody","INPUT","DROP","5","45.78.198.228","IP","41"
"custody","INPUT","DROP","5","91.218.66.160","IP","196"
"custody","INPUT","DROP","5","147.185.133.190","IP","2"
"custody","INPUT","DROP","5","4.197.176.45","IP","39"
"custody","INPUT","DROP","5","109.234.143.1","IP","108"
"custody","INPUT","DROP","5","193.23.199.107","IP","108"
"custody","INPUT","DROP","5","147.185.132.59","IP","9"
"custody","INPUT","DROP","5","42.200.66.164","IP","103"
"custody","INPUT","DROP","5","3.12.76.193","IP","81"
"custody","INPUT","DROP","5","212.108.150.68","IP","16"
"custody","INPUT","DROP","5","47.251.158.239","IP","11"
"custody","INPUT","DROP","5","48.214.144.191","IP","20"
"custody","INPUT","DROP","5","154.221.17.42","IP","102"
"custody","INPUT","DROP","5","159.223.214.154","IP","4"
"custody","INPUT","DROP","5","43.133.81.246","IP","91"
"custody","INPUT","DROP","5","54.145.186.166","IP","18"
"custody","INPUT","DROP","5","91.186.17.47","IP","109"
"custody","INPUT","DROP","5","43.173.254.125","IP","193"
"custody","INPUT","DROP","5","8.216.65.225","IP","2"
"custody","INPUT","DROP","5","35.231.155.60","IP","38"
"custody","INPUT","DROP","5","134.209.197.147","IP","21"
"custody","INPUT","DROP","5","142.93.110.84","IP","87"
"custody","INPUT","DROP","5","45.78.222.164","IP","42"
"custody","INPUT","DROP","5","175.100.24.139","IP","104"
"custody","INPUT","DROP","5","155.4.244.107","IP","107"
"custody","INPUT","DROP","5","200.124.160.2","IP","60"
"custody","INPUT","DROP","5","138.246.253.24","IP","16"
"custody","INPUT","DROP","5","172.161.146.188","IP","406"
"custody","INPUT","DROP","5","23.23.103.31","IP","4"
"custody","INPUT","DROP","5","17.22.253.96","IP","19"
"custody","INPUT","DROP","5","167.99.221.8","IP","25"
"custody","INPUT","DROP","5","20.163.26.91","IP","23"
"custody","INPUT","DROP","5","134.199.207.16","IP","20"
"custody","INPUT","DROP","5","45.78.198.19","IP","51"
"custody","INPUT","DROP","5","74.176.59.137","IP","41"
"custody","INPUT","DROP","5","121.141.43.115","IP","26"
"custody","INPUT","DROP","5","43.155.168.18","IP","87"
"custody","INPUT","DROP","5","43.128.55.23","IP","29"
"custody","INPUT","DROP","5","211.46.177.174","IP","193"
"custody","INPUT","DROP","5","90.180.197.128","IP","192"
"custody","INPUT","DROP","5","101.47.142.247","IP","56"
"custody","INPUT","DROP","5","52.230.89.71","IP","39"
"custody","INPUT","DROP","5","39.112.232.226","IP","193"
"custody","INPUT","DROP","5","62.138.3.40","IP","46"
"custody","INPUT","DROP","5","170.64.145.149","IP","2089"
"custody","INPUT","DROP","5","169.150.203.251","IP","150"
"custody","INPUT","DROP","5","71.6.232.30","IP","11"
"custody","INPUT","DROP","5","129.212.189.226","IP","2342"
"custody","INPUT","DROP","5","114.34.106.146","IP","106"
"custody","INPUT","DROP","5","35.222.117.243","IP","106"
"custody","INPUT","DROP","5","91.230.168.7","IP","1"
"custody","INPUT","DROP","5","47.251.158.250","IP","27"
"custody","INPUT","DROP","5","65.49.20.69","IP","4"
"custody","INPUT","DROP","5","94.102.8.173","IP","195"
"custody","INPUT","DROP","5","217.113.196.198","IP","5"
"custody","INPUT","DROP","5","45.149.173.193","IP","144"
"custody","INPUT","DROP","5","45.78.206.84","IP","51"
"custody","INPUT","DROP","5","20.42.220.101","IP","37"
"custody","INPUT","DROP","5","154.198.215.66","IP","108"
"custody","INPUT","DROP","5","23.161.168.8","IP","195"
"custody","INPUT","DROP","5","101.47.162.232","IP","51"
"custody","INPUT","DROP","5","154.196.40.51","IP","32"
"custody","INPUT","DROP","5","115.91.91.182","IP","101"
"custody","INPUT","DROP","5","118.194.236.118","IP","25"
"custody","INPUT","DROP","5","101.47.160.250","IP","20"
"custody","INPUT","DROP","5","68.183.112.203","IP","17"
"custody","INPUT","DROP","5","184.174.39.136","IP","58"
"custody","INPUT","DROP","5","68.183.22.115","IP","13"
"custody","INPUT","DROP","5","100.28.57.133","IP","4"
"custody","INPUT","DROP","5","17.241.227.80","IP","18"
"custody","INPUT","DROP","5","161.35.103.187","IP","2"
"custody","INPUT","DROP","5","217.160.247.105","IP","62"
"custody","INPUT","DROP","5","197.248.104.19","IP","194"
"custody","INPUT","DROP","5","91.186.251.49","IP","10"
"custody","INPUT","DROP","5","136.112.10.225","IP","15"
"custody","INPUT","DROP","5","72.144.139.87","IP","304"
"custody","INPUT","DROP","5","209.38.196.199","IP","8"
"custody","INPUT","DROP","5","45.78.219.136","IP","46"
"custody","INPUT","DROP","5","169.150.203.247","IP","146"
"custody","INPUT","DROP","5","34.96.62.5","IP","42"
"custody","INPUT","DROP","5","222.108.100.117","IP","193"
"custody","INPUT","DROP","5","89.44.137.176","IP","108"
"custody","INPUT","DROP","5","54.161.130.153","IP","2"
"custody","INPUT","DROP","5","134.122.54.90","IP","24"
"custody","INPUT","DROP","5","203.190.10.105","IP","104"
"custody","INPUT","DROP","5","17.241.75.185","IP","19"
"custody","INPUT","DROP","5","170.246.87.238","IP","192"
"custody","INPUT","DROP","5","46.101.206.166","IP","87"
"custody","INPUT","DROP","5","121.165.204.105","IP","23"
"custody","INPUT","DROP","5","4.206.56.97","IP","278"
"custody","INPUT","DROP","5","148.113.128.160","IP","19"
"custody","INPUT","DROP","5","57.141.20.30","IP","56"
"custody","INPUT","DROP","5","49.49.230.136","IP","96"
"custody","INPUT","DROP","5","71.6.232.24","IP","10"
"custody","INPUT","DROP","5","187.170.3.81","IP","83"
"custody","INPUT","DROP","5","151.37.96.182","IP","68"
"custody","INPUT","DROP","5","85.208.96.206","IP","37"
"custody","INPUT","DROP","5","152.69.210.5","IP","147"
"custody","INPUT","DROP","5","129.212.189.37","IP","2342"
"custody","INPUT","DROP","5","156.238.252.46","IP","20"
"custody","INPUT","DROP","5","49.247.175.53","IP","193"
"custody","INPUT","DROP","5","78.135.111.5","IP","108"
"custody","INPUT","DROP","5","92.30.240.167","IP","103"
"custody","INPUT","DROP","5","103.18.229.251","IP","106"
"custody","INPUT","DROP","5","165.245.135.135","IP","2342"
"custody","INPUT","DROP","5","209.97.136.65","IP","110"
"custody","INPUT","DROP","5","4.197.176.207","IP","38"
"custody","INPUT","DROP","5","45.78.217.231","IP","50"
"custody","INPUT","DROP","5","34.139.228.92","IP","25"
"custody","INPUT","DROP","5","167.94.138.195","IP","22"
"custody","INPUT","DROP","5","185.193.157.209","IP","151"
"custody","INPUT","DROP","5","81.192.46.49","IP","106"
"custody","INPUT","DROP","5","177.53.215.134","IP","109"
"custody","INPUT","DROP","5","20.7.176.220","IP","194"
"custody","INPUT","DROP","5","103.103.245.61","IP","106"
"custody","INPUT","DROP","5","64.226.65.160","IP","12"
"custody","INPUT","DROP","5","1.212.225.99","IP","29"
"custody","INPUT","DROP","5","173.252.87.57","IP","7"
"custody","INPUT","DROP","5","165.227.52.25","IP","17"
"custody","INPUT","DROP","5","157.245.108.169","IP","1"
"custody","INPUT","DROP","5","20.168.0.73","IP","20"
"custody","INPUT","DROP","5","74.176.56.30","IP","39"
"custody","INPUT","DROP","5","43.155.208.206","IP","28"
"custody","INPUT","DROP","5","20.4.220.122","IP","1385"
"custody","INPUT","DROP","5","172.213.225.150","IP","26"
"custody","INPUT","DROP","5","152.32.235.85","IP","33"
"custody","INPUT","DROP","5","4.190.203.84","IP","38"
"custody","INPUT","DROP","5","20.65.193.189","IP","24"
"custody","INPUT","DROP","5","77.90.24.126","IP","109"
"custody","INPUT","DROP","5","17.22.245.249","IP","27"
"custody","INPUT","DROP","5","169.150.203.195","IP","147"
"custody","INPUT","DROP","5","190.181.27.27","IP","106"
"custody","INPUT","DROP","5","51.83.42.103","IP","194"
"custody","INPUT","DROP","5","157.230.253.139","IP","76"
"custody","INPUT","DROP","5","45.78.231.192","IP","54"
"custody","INPUT","DROP","5","188.166.51.202","IP","25"
"custody","INPUT","DROP","5","152.32.209.123","IP","49"
"custody","INPUT","DROP","5","103.145.145.75","IP","107"
"custody","INPUT","DROP","5","129.212.180.106","IP","20"
"custody","INPUT","DROP","5","124.243.133.104","IP","174"
"custody","INPUT","DROP","5","17.241.219.160","IP","18"
"custody","INPUT","DROP","5","69.171.234.26","IP","10"
"custody","INPUT","DROP","5","152.32.135.222","IP","87"
"custody","INPUT","DROP","5","82.29.72.106","IP","2241"
"custody","INPUT","DROP","5","134.122.65.144","IP","5"
"custody","INPUT","DROP","5","44.207.207.36","IP","4"
"custody","INPUT","DROP","5","188.166.90.180","IP","25"
"custody","INPUT","DROP","5","45.78.194.53","IP","38"
"custody","INPUT","DROP","5","156.227.236.175","IP","110"
"custody","INPUT","DROP","5","17.241.227.197","IP","20"
"custody","INPUT","DROP","5","45.78.223.101","IP","63"
"custody","INPUT","DROP","5","217.154.153.94","IP","192"
"custody","INPUT","DROP","5","213.165.71.107","IP","123"
"custody","INPUT","DROP","5","172.104.176.233","IP","106"
"custody","INPUT","DROP","5","4.189.160.96","IP","39"
"custody","INPUT","DROP","5","4.230.27.193","IP","38"
"custody","INPUT","DROP","5","52.207.136.95","IP","43"
"custody","INPUT","DROP","5","45.142.154.108","IP","23"
"custody","INPUT","DROP","5","178.62.43.176","IP","112"
"custody","INPUT","DROP","5","112.120.170.82","IP","106"
"custody","INPUT","DROP","5","51.222.157.236","IP","106"
"custody","INPUT","DROP","5","190.167.90.67","IP","78"
"custody","INPUT","DROP","5","35.239.77.168","IP","32"
"custody","INPUT","DROP","5","190.0.247.94","IP","105"
"custody","INPUT","DROP","5","34.96.62.48","IP","43"
"custody","INPUT","DROP","5","189.183.0.24","IP","108"
"custody","INPUT","DROP","5","20.15.164.37","IP","17"
"custody","INPUT","DROP","5","147.185.133.166","IP","87"
"custody","INPUT","DROP","5","45.91.238.205","IP","174"
"custody","INPUT","DROP","5","41.80.35.45","IP","117"
"custody","INPUT","DROP","5","165.154.118.26","IP","48"
"custody","INPUT","DROP","5","187.141.71.166","IP","107"
"custody","INPUT","DROP","5","140.245.98.213","IP","37"
"WatchWB-DB","INPUT","DROP","5","57.141.20.56","IP","56"
"WatchWB-DB","INPUT","DROP","5","85.208.96.204","IP","28"
"WatchWB-DB","INPUT","DROP","5","35.203.211.48","IP","1"
"WatchWB-DB","INPUT","DROP","5","23.82.136.149","IP","21"
"WatchWB-DB","INPUT","DROP","5","217.76.60.243","IP","1"
"WatchWB-DB","INPUT","DROP","5","18.235.81.246","IP","4"
"WatchWB-DB","INPUT","DROP","5","54.39.89.161","IP","3"
"WatchWB-DB","INPUT","DROP","5","57.141.20.4","IP","21"
"WatchWB-DB","INPUT","DROP","5","87.236.176.191","IP","3"
"WatchWB-DB","INPUT","DROP","5","44.195.50.71","IP","4"
"WatchWB-DB","INPUT","DROP","5","154.54.249.204","IP","15"
"WatchWB-DB","INPUT","DROP","5","3.213.106.226","IP","4"
"WatchWB-DB","INPUT","DROP","5","185.170.167.18","IP","130"
"WatchWB-DB","INPUT","DROP","5","23.19.248.173","IP","21"
"WatchWB-DB","INPUT","DROP","5","15.235.96.78","IP","3"
"WatchWB-DB","INPUT","DROP","5","114.119.131.68","IP","24"
"WatchWB-DB","INPUT","DROP","5","3.235.215.92","IP","4"
"WatchWB-DB","INPUT","DROP","5","147.185.132.54","IP","9"
"WatchWB-DB","INPUT","DROP","5","198.235.24.88","IP","6"
"WatchWB-DB","INPUT","DROP","5","192.3.100.219","IP","42"
"WatchWB-DB","INPUT","DROP","5","173.252.70.21","IP","7"
"WatchWB-DB","INPUT","DROP","5","192.3.100.196","IP","35"
"WatchWB-DB","INPUT","DROP","5","198.23.132.158","IP","7"
"WatchWB-DB","INPUT","DROP","5","185.247.137.242","IP","3"
"WatchWB-DB","INPUT","DROP","5","57.141.20.22","IP","21"
"WatchWB-DB","INPUT","DROP","5","5.39.1.245","IP","5"
"WatchWB-DB","INPUT","DROP","5","118.26.36.18","IP","2"
"WatchWB-DB","INPUT","DROP","5","147.185.132.118","IP","3"
"WatchWB-DB","INPUT","DROP","5","92.222.108.116","IP","5"
"WatchWB-DB","INPUT","DROP","5","69.171.249.19","IP","7"
"WatchWB-DB","INPUT","DROP","5","85.208.96.194","IP","28"
"WatchWB-DB","INPUT","DROP","5","57.141.20.51","IP","28"
"WatchWB-DB","INPUT","DROP","5","57.141.20.43","IP","35"
"WatchWB-DB","INPUT","DROP","5","57.141.20.17","IP","14"
"WatchWB-DB","INPUT","DROP","5","51.161.65.171","IP","5"
"WatchWB-DB","INPUT","DROP","5","114.119.155.23","IP","52"
"WatchWB-DB","INPUT","DROP","5","114.119.134.3","IP","24"
"WatchWB-DB","INPUT","DROP","5","198.235.24.31","IP","2"
"WatchWB-DB","INPUT","DROP","5","54.235.172.108","IP","4"
"WatchWB-DB","INPUT","DROP","5","198.235.24.70","IP","6"
"WatchWB-DB","INPUT","DROP","5","185.191.171.6","IP","20"
"WatchWB-DB","INPUT","DROP","5","199.45.155.72","IP","10"
"WatchWB-DB","INPUT","DROP","5","15.235.27.242","IP","5"
"WatchWB-DB","INPUT","DROP","5","104.250.52.211","IP","10"
"WatchWB-DB","INPUT","DROP","5","114.119.152.139","IP","20"
"WatchWB-DB","INPUT","DROP","5","114.119.128.162","IP","48"
"WatchWB-DB","INPUT","DROP","5","85.208.96.200","IP","16"
"WatchWB-DB","INPUT","DROP","5","198.244.168.171","IP","5"
"WatchWB-DB","INPUT","DROP","5","57.141.20.15","IP","49"
"WatchWB-DB","INPUT","DROP","5","57.141.20.7","IP","14"
"WatchWB-DB","INPUT","DROP","5","57.141.20.31","IP","28"
"WatchWB-DB","INPUT","DROP","5","147.185.132.222","IP","5"
"WatchWB-DB","INPUT","DROP","5","173.252.107.116","IP","7"
"WatchWB-DB","INPUT","DROP","5","85.208.96.193","IP","44"
"WatchWB-DB","INPUT","DROP","5","185.191.171.12","IP","36"
"WatchWB-DB","INPUT","DROP","5","3.232.102.111","IP","4"
"WatchWB-DB","INPUT","DROP","5","114.119.134.12","IP","32"
"WatchWB-DB","INPUT","DROP","5","54.38.147.146","IP","5"
"WatchWB-DB","INPUT","DROP","5","217.113.194.117","IP","10"
"WatchWB-DB","INPUT","DROP","5","192.3.144.130","IP","56"
"WatchWB-DB","INPUT","DROP","5","52.5.232.250","IP","4"
"WatchWB-DB","INPUT","DROP","5","57.141.20.33","IP","21"
"WatchWB-DB","INPUT","DROP","5","23.19.248.60","IP","48"
"WatchWB-DB","INPUT","DROP","5","57.141.20.49","IP","35"
"WatchWB-DB","INPUT","DROP","5","52.71.218.25","IP","4"
"WatchWB-DB","INPUT","DROP","5","92.222.104.196","IP","3"
"WatchWB-DB","INPUT","DROP","5","114.119.129.179","IP","24"
"WatchWB-DB","INPUT","DROP","5","51.75.236.139","IP","3"
"WatchWB-DB","INPUT","DROP","5","57.141.20.2","IP","63"
"WatchWB-DB","INPUT","DROP","5","198.46.212.122","IP","28"
"WatchWB-DB","INPUT","DROP","5","198.244.183.22","IP","3"
"WatchWB-DB","INPUT","DROP","5","114.119.136.68","IP","24"
"WatchWB-DB","INPUT","DROP","5","57.141.20.44","IP","56"
"WatchWB-DB","INPUT","DROP","5","173.234.100.206","IP","35"
"WatchWB-DB","INPUT","DROP","5","69.171.230.7","IP","2"
"WatchWB-DB","INPUT","DROP","5","44.223.116.180","IP","4"
"WatchWB-DB","INPUT","DROP","5","69.171.231.2","IP","7"
"WatchWB-DB","INPUT","DROP","5","57.141.20.23","IP","49"
"WatchWB-DB","INPUT","DROP","5","52.204.71.8","IP","4"
"WatchWB-DB","INPUT","DROP","5","198.244.226.18","IP","5"
"WatchWB-DB","INPUT","DROP","5","51.68.107.149","IP","5"
"WatchWB-DB","INPUT","DROP","5","57.141.20.47","IP","42"
"WatchWB-DB","INPUT","DROP","5","57.141.20.20","IP","35"
"WatchWB-DB","INPUT","DROP","5","104.28.214.112","IP","8"
"WatchWB-DB","INPUT","DROP","5","51.68.236.92","IP","10"
"WatchWB-DB","INPUT","DROP","5","192.198.108.162","IP","28"
"WatchWB-DB","INPUT","DROP","5","185.191.171.19","IP","28"
"WatchWB-DB","INPUT","DROP","5","51.68.236.70","IP","5"
"WatchWB-DB","INPUT","DROP","5","87.236.176.187","IP","3"
"WatchWB-DB","INPUT","DROP","5","44.193.115.232","IP","4"
"WatchWB-DB","INPUT","DROP","5","185.191.171.10","IP","48"
"WatchWB-DB","INPUT","DROP","5","185.191.171.7","IP","20"
"WatchWB-DB","INPUT","DROP","5","57.141.20.12","IP","63"
"WatchWB-DB","INPUT","DROP","5","152.32.235.160","IP","5"
"WatchWB-DB","INPUT","DROP","5","198.46.178.94","IP","70"
"WatchWB-DB","INPUT","DROP","5","198.244.240.228","IP","5"
"WatchWB-DB","INPUT","DROP","5","44.212.232.231","IP","4"
"WatchWB-DB","INPUT","DROP","5","57.141.20.25","IP","28"
"WatchWB-DB","INPUT","DROP","5","3.93.98.99","IP","4"
"WatchWB-DB","INPUT","DROP","5","162.216.150.142","IP","1"
"WatchWB-DB","INPUT","DROP","5","57.141.20.24","IP","14"
"WatchWB-DB","INPUT","DROP","5","51.195.244.214","IP","3"
"WatchWB-DB","INPUT","DROP","5","44.218.6.93","IP","8"
"WatchWB-DB","INPUT","DROP","5","51.195.183.1","IP","5"
"WatchWB-DB","INPUT","DROP","5","57.141.20.48","IP","42"
"WatchWB-DB","INPUT","DROP","5","54.156.55.147","IP","4"
"WatchWB-DB","INPUT","DROP","5","57.141.20.38","IP","7"
"WatchWB-DB","INPUT","DROP","5","198.244.240.65","IP","5"
"WatchWB-DB","INPUT","DROP","5","23.108.93.51","IP","35"
"WatchWB-DB","INPUT","DROP","5","192.198.108.212","IP","28"
"WatchWB-DB","INPUT","DROP","5","85.208.96.205","IP","8"
"WatchWB-DB","INPUT","DROP","5","87.236.176.218","IP","3"
"WatchWB-DB","INPUT","DROP","5","51.161.65.253","IP","5"
"WatchWB-DB","INPUT","DROP","5","57.141.20.54","IP","28"
"WatchWB-DB","INPUT","DROP","5","85.208.96.196","IP","16"
"WatchWB-DB","INPUT","DROP","5","69.171.231.25","IP","7"
"WatchWB-DB","INPUT","DROP","5","57.141.20.46","IP","28"
"WatchWB-DB","INPUT","DROP","5","51.68.111.216","IP","5"
"WatchWB-DB","INPUT","DROP","5","152.32.129.154","IP","2"
"WatchWB-DB","INPUT","DROP","5","192.227.241.83","IP","21"
"WatchWB-DB","INPUT","DROP","5","52.204.253.129","IP","3"
"WatchWB-DB","INPUT","DROP","5","75.119.129.236","IP","3"
"WatchWB-DB","INPUT","DROP","5","205.210.31.15","IP","2"
"WatchWB-DB","INPUT","DROP","5","114.119.136.155","IP","44"
"WatchWB-DB","INPUT","DROP","5","51.89.129.50","IP","5"
"WatchWB-DB","INPUT","DROP","5","3.211.181.86","IP","4"
"WatchWB-DB","INPUT","DROP","5","51.68.107.150","IP","10"
"WatchWB-DB","INPUT","DROP","5","57.141.20.39","IP","49"
"WatchWB-DB","INPUT","DROP","5","198.244.168.101","IP","5"
"WatchWB-DB","INPUT","DROP","5","217.113.194.120","IP","25"
"WatchWB-DB","INPUT","DROP","5","173.252.70.3","IP","7"
"WatchWB-DB","INPUT","DROP","5","185.191.171.18","IP","36"
"WatchWB-DB","INPUT","DROP","5","185.191.171.17","IP","28"
"WatchWB-DB","INPUT","DROP","5","185.191.171.1","IP","32"
"WatchWB-DB","INPUT","DROP","5","114.119.154.253","IP","32"
"WatchWB-DB","INPUT","DROP","5","51.68.107.148","IP","5"
"WatchWB-DB","INPUT","DROP","5","57.141.20.19","IP","49"
"WatchWB-DB","INPUT","DROP","5","114.119.146.55","IP","72"
"WatchWB-DB","INPUT","DROP","5","85.208.96.195","IP","44"
"WatchWB-DB","INPUT","DROP","5","35.203.210.146","IP","1"
"WatchWB-DB","INPUT","DROP","5","198.235.24.148","IP","2"
"WatchWB-DB","INPUT","DROP","5","57.141.20.41","IP","28"
"WatchWB-DB","INPUT","DROP","5","198.23.132.142","IP","14"
"WatchWB-DB","INPUT","DROP","5","87.236.176.145","IP","3"
"WatchWB-DB","INPUT","DROP","5","51.89.129.192","IP","3"
"WatchWB-DB","INPUT","DROP","5","57.141.20.3","IP","42"
"WatchWB-DB","INPUT","DROP","5","23.23.99.55","IP","4"
"WatchWB-DB","INPUT","DROP","5","54.152.163.42","IP","4"
"WatchWB-DB","INPUT","DROP","5","52.54.95.127","IP","4"
"WatchWB-DB","INPUT","DROP","5","85.208.96.211","IP","8"
"WatchWB-DB","INPUT","DROP","5","98.82.59.253","IP","4"
"WatchWB-DB","INPUT","DROP","5","34.202.88.37","IP","4"
"WatchWB-DB","INPUT","DROP","5","207.244.117.224","IP","42"
"WatchWB-DB","INPUT","DROP","5","167.94.146.63","IP","7"
"WatchWB-DB","INPUT","DROP","5","185.191.171.8","IP","44"
"WatchWB-DB","INPUT","DROP","5","217.113.194.226","IP","5"
"WatchWB-DB","INPUT","DROP","5","198.235.24.117","IP","6"
"WatchWB-DB","INPUT","DROP","5","57.141.20.35","IP","35"
"WatchWB-DB","INPUT","DROP","5","57.141.20.18","IP","56"
"WatchWB-DB","INPUT","DROP","5","51.68.236.73","IP","10"
"WatchWB-DB","INPUT","DROP","5","74.225.247.240","IP","5"
"WatchWB-DB","INPUT","DROP","5","147.185.132.153","IP","4"
"WatchWB-DB","INPUT","DROP","5","5.39.1.242","IP","3"
"WatchWB-DB","INPUT","DROP","5","57.131.35.166","IP","12"
"WatchWB-DB","INPUT","DROP","5","5.39.109.173","IP","3"
"WatchWB-DB","INPUT","DROP","5","217.113.194.113","IP","15"
"WatchWB-DB","INPUT","DROP","5","64.227.108.146","IP","6"
"WatchWB-DB","INPUT","DROP","5","51.195.244.160","IP","5"
"WatchWB-DB","INPUT","DROP","5","69.171.249.113","IP","7"
"WatchWB-DB","INPUT","DROP","5","57.141.20.53","IP","49"
"WatchWB-DB","INPUT","DROP","5","23.22.105.143","IP","4"
"WatchWB-DB","INPUT","DROP","5","51.68.111.215","IP","5"
"WatchWB-DB","INPUT","DROP","5","46.105.42.135","IP","10"
"WatchWB-DB","INPUT","DROP","5","34.234.200.207","IP","4"
"WatchWB-DB","INPUT","DROP","5","54.39.6.46","IP","5"
"WatchWB-DB","INPUT","DROP","5","198.235.24.76","IP","2"
"WatchWB-DB","INPUT","DROP","5","45.91.22.18","IP","7"
"WatchWB-DB","INPUT","DROP","5","51.68.107.161","IP","5"
"WatchWB-DB","INPUT","DROP","5","57.141.20.57","IP","42"
"WatchWB-DB","INPUT","DROP","5","57.141.20.55","IP","56"
"WatchWB-DB","INPUT","DROP","5","147.185.132.116","IP","2"
"WatchWB-DB","INPUT","DROP","5","217.113.194.112","IP","5"
"WatchWB-DB","INPUT","DROP","5","217.113.194.118","IP","10"
"WatchWB-DB","INPUT","DROP","5","51.68.107.138","IP","5"
"WatchWB-DB","INPUT","DROP","5","162.216.150.108","IP","1"
"WatchWB-DB","INPUT","DROP","5","185.191.171.4","IP","52"
"WatchWB-DB","INPUT","DROP","5","57.141.20.36","IP","49"
"WatchWB-DB","INPUT","DROP","5","185.191.171.2","IP","120"
"WatchWB-DB","INPUT","DROP","5","114.119.143.145","IP","40"
"WatchWB-DB","INPUT","DROP","5","198.244.226.246","IP","3"
"WatchWB-DB","INPUT","DROP","5","20.27.216.90","IP","5"
"WatchWB-DB","INPUT","DROP","5","43.173.182.95","IP","25"
"WatchWB-DB","INPUT","DROP","5","198.244.168.179","IP","6"
"WatchWB-DB","INPUT","DROP","5","54.209.100.30","IP","4"
"WatchWB-DB","INPUT","DROP","5","167.94.138.184","IP","25"
"WatchWB-DB","INPUT","DROP","5","45.156.128.41","IP","1"
"WatchWB-DB","INPUT","DROP","5","114.119.130.116","IP","32"
"WatchWB-DB","INPUT","DROP","5","57.141.20.1","IP","49"
"WatchWB-DB","INPUT","DROP","5","23.19.248.202","IP","42"
"WatchWB-DB","INPUT","DROP","5","192.210.190.43","IP","35"
"WatchWB-DB","INPUT","DROP","5","198.235.24.131","IP","1"
"WatchWB-DB","INPUT","DROP","5","107.175.14.250","IP","63"
"WatchWB-DB","INPUT","DROP","5","17.22.245.204","IP","7"
"WatchWB-DB","INPUT","DROP","5","114.119.156.131","IP","20"
"WatchWB-DB","INPUT","DROP","5","217.113.194.225","IP","25"
"WatchWB-DB","INPUT","DROP","5","57.141.20.45","IP","35"
"WatchWB-DB","INPUT","DROP","5","57.141.20.50","IP","28"
"WatchWB-DB","INPUT","DROP","5","52.2.83.227","IP","4"
"WatchWB-DB","INPUT","DROP","5","167.94.138.193","IP","36"
"WatchWB-DB","INPUT","DROP","5","51.68.236.59","IP","10"
"WatchWB-DB","INPUT","DROP","5","217.113.194.116","IP","5"
"WatchWB-DB","INPUT","DROP","5","107.174.139.172","IP","49"
"WatchWB-DB","INPUT","DROP","5","3.225.45.252","IP","4"
"WatchWB-DB","INPUT","DROP","5","92.222.108.123","IP","8"
"WatchWB-DB","INPUT","DROP","5","52.205.222.214","IP","3"
"WatchWB-DB","INPUT","DROP","5","198.235.24.224","IP","1"
"WatchWB-DB","INPUT","DROP","5","118.193.36.107","IP","2"
"WatchWB-DB","INPUT","DROP","5","57.141.20.28","IP","70"
"WatchWB-DB","INPUT","DROP","5","34.196.6.199","IP","4"
"WatchWB-DB","INPUT","DROP","5","173.252.82.10","IP","7"
"WatchWB-DB","INPUT","DROP","5","85.208.96.203","IP","24"
"WatchWB-DB","INPUT","DROP","5","3.230.224.6","IP","4"
"WatchWB-DB","INPUT","DROP","5","198.244.242.133","IP","5"
"WatchWB-DB","INPUT","DROP","5","57.141.20.6","IP","42"
"WatchWB-DB","INPUT","DROP","5","114.119.139.86","IP","28"
"WatchWB-DB","INPUT","DROP","5","57.141.20.42","IP","35"
"WatchWB-DB","INPUT","DROP","5","31.13.127.8","IP","7"
"WatchWB-DB","INPUT","DROP","5","31.13.127.41","IP","7"
"WatchWB-DB","INPUT","DROP","5","147.185.132.69","IP","7"
"WatchWB-DB","INPUT","DROP","5","45.156.129.48","IP","2"
"WatchWB-DB","INPUT","DROP","5","54.39.0.158","IP","5"
"WatchWB-DB","INPUT","DROP","5","54.85.109.140","IP","8"
"WatchWB-DB","INPUT","DROP","5","107.175.12.103","IP","14"
"WatchWB-DB","INPUT","DROP","5","107.22.208.39","IP","4"
"WatchWB-DB","INPUT","DROP","5","93.158.90.52","IP","7"
"WatchWB-DB","INPUT","DROP","5","198.244.240.170","IP","3"
"WatchWB-DB","INPUT","DROP","5","51.195.215.229","IP","5"
"WatchWB-DB","INPUT","DROP","5","176.31.139.1","IP","3"
"WatchWB-DB","INPUT","DROP","5","148.113.130.167","IP","5"
"WatchWB-DB","INPUT","DROP","5","51.75.236.146","IP","3"
"WatchWB-DB","INPUT","DROP","5","173.234.100.124","IP","28"
"WatchWB-DB","INPUT","DROP","5","57.141.20.11","IP","42"
"WatchWB-DB","INPUT","DROP","5","3.94.157.25","IP","4"
"WatchWB-DB","INPUT","DROP","5","167.94.146.49","IP","36"
"WatchWB-DB","INPUT","DROP","5","17.246.23.83","IP","7"
"WatchWB-DB","INPUT","DROP","5","217.113.194.121","IP","7"
"WatchWB-DB","INPUT","DROP","5","98.83.10.183","IP","8"
"WatchWB-DB","INPUT","DROP","5","185.247.137.235","IP","6"
"WatchWB-DB","INPUT","DROP","5","54.166.126.132","IP","4"
"WatchWB-DB","INPUT","DROP","5","57.141.20.21","IP","56"
"WatchWB-DB","INPUT","DROP","5","57.141.20.32","IP","63"
"WatchWB-DB","INPUT","DROP","5","185.242.226.102","IP","2"
"WatchWB-DB","INPUT","DROP","5","173.252.95.6","IP","4"
"WatchWB-DB","INPUT","DROP","5","107.175.12.100","IP","49"
"WatchWB-DB","INPUT","DROP","5","54.84.161.62","IP","4"
"WatchWB-DB","INPUT","DROP","5","57.141.20.8","IP","21"
"WatchWB-DB","INPUT","DROP","5","217.113.194.114","IP","5"
"WatchWB-DB","INPUT","DROP","5","52.21.62.139","IP","4"
"WatchWB-DB","INPUT","DROP","5","34.235.239.240","IP","4"
"WatchWB-DB","INPUT","DROP","5","85.208.96.210","IP","20"
"WatchWB-DB","INPUT","DROP","5","107.175.12.80","IP","7"
"WatchWB-DB","INPUT","DROP","5","185.191.171.11","IP","20"
"WatchWB-DB","INPUT","DROP","5","85.208.96.201","IP","16"
"WatchWB-DB","INPUT","DROP","5","185.191.171.14","IP","80"
"WatchWB-DB","INPUT","DROP","5","172.255.80.159","IP","21"
"WatchWB-DB","INPUT","DROP","5","217.113.194.119","IP","20"
"WatchWB-DB","INPUT","DROP","5","114.119.151.14","IP","40"
"WatchWB-DB","INPUT","DROP","5","47.82.11.42","IP","4"
"WatchWB-DB","INPUT","DROP","5","198.23.238.77","IP","42"
"WatchWB-DB","INPUT","DROP","5","162.212.170.75","IP","21"
"WatchWB-DB","INPUT","DROP","5","57.141.20.14","IP","28"
"WatchWB-DB","INPUT","DROP","5","114.119.132.58","IP","16"
"WatchWB-DB","INPUT","DROP","5","57.141.20.5","IP","14"
"WatchWB-DB","INPUT","DROP","5","85.208.96.208","IP","48"
"WatchWB-DB","INPUT","DROP","5","185.191.171.3","IP","48"
"WatchWB-DB","INPUT","DROP","5","85.208.96.199","IP","40"
"WatchWB-DB","INPUT","DROP","5","162.216.149.10","IP","5"
"WatchWB-DB","INPUT","DROP","5","23.108.233.61","IP","21"
"WatchWB-DB","INPUT","DROP","5","192.198.108.125","IP","42"
"WatchWB-DB","INPUT","DROP","5","150.109.12.53","IP","76"
"WatchWB-DB","INPUT","DROP","5","69.171.249.2","IP","7"
"WatchWB-DB","INPUT","DROP","5","57.141.20.9","IP","21"
"WatchWB-DB","INPUT","DROP","5","147.185.132.248","IP","1"
"WatchWB-DB","INPUT","DROP","5","51.68.111.204","IP","15"
"WatchWB-DB","INPUT","DROP","5","57.141.20.34","IP","21"
"WatchWB-DB","INPUT","DROP","5","54.83.180.239","IP","8"
"WatchWB-DB","INPUT","DROP","5","114.119.133.208","IP","32"
"WatchWB-DB","INPUT","DROP","5","37.59.204.128","IP","5"
"WatchWB-DB","INPUT","DROP","5","57.141.20.0","IP","49"
"WatchWB-DB","INPUT","DROP","5","57.141.20.29","IP","42"
"WatchWB-DB","INPUT","DROP","5","185.191.171.5","IP","52"
"WatchWB-DB","INPUT","DROP","5","198.244.168.148","IP","5"
"WatchWB-DB","INPUT","DROP","5","173.252.70.17","IP","7"
"WatchWB-DB","INPUT","DROP","5","147.185.132.46","IP","5"
"WatchWB-DB","INPUT","DROP","5","54.39.210.132","IP","5"
"WatchWB-DB","INPUT","DROP","5","114.119.133.201","IP","32"
"WatchWB-DB","INPUT","DROP","5","114.119.159.123","IP","44"
"WatchWB-DB","INPUT","DROP","5","213.35.103.47","IP","30"
"WatchWB-DB","INPUT","DROP","5","85.208.96.197","IP","20"
"WatchWB-DB","INPUT","DROP","5","87.236.176.14","IP","2"
"WatchWB-DB","INPUT","DROP","5","114.119.156.33","IP","20"
"WatchWB-DB","INPUT","DROP","5","85.208.96.198","IP","88"
"WatchWB-DB","INPUT","DROP","5","173.252.79.112","IP","7"
"WatchWB-DB","INPUT","DROP","5","184.73.35.182","IP","4"
"WatchWB-DB","INPUT","DROP","5","107.174.139.179","IP","35"
"WatchWB-DB","INPUT","DROP","5","57.141.20.10","IP","21"
"WatchWB-DB","INPUT","DROP","5","54.215.185.237","IP","42"
"WatchWB-DB","INPUT","DROP","5","107.20.255.194","IP","4"
"WatchWB-DB","INPUT","DROP","5","23.108.233.71","IP","28"
"WatchWB-DB","INPUT","DROP","5","78.142.18.92","IP","1"
"WatchWB-DB","INPUT","DROP","5","198.244.242.140","IP","5"
"WatchWB-DB","INPUT","DROP","5","54.39.89.67","IP","5"
"WatchWB-DB","INPUT","DROP","5","3.214.176.44","IP","4"
"WatchWB-DB","INPUT","DROP","5","57.141.20.52","IP","35"
"WatchWB-DB","INPUT","DROP","5","165.154.36.105","IP","2"
"WatchWB-DB","INPUT","DROP","5","114.119.130.29","IP","40"
"WatchWB-DB","INPUT","DROP","5","107.172.59.118","IP","35"
"WatchWB-DB","INPUT","DROP","5","205.210.31.203","IP","5"
"WatchWB-DB","INPUT","DROP","5","57.141.20.40","IP","14"
"WatchWB-DB","INPUT","DROP","5","66.220.149.47","IP","7"
"WatchWB-DB","INPUT","DROP","5","43.173.176.46","IP","80"
"WatchWB-DB","INPUT","DROP","5","162.142.125.127","IP","22"
"WatchWB-DB","INPUT","DROP","5","107.173.112.84","IP","35"
"WatchWB-DB","INPUT","DROP","5","57.141.20.58","IP","35"
"WatchWB-DB","INPUT","DROP","5","207.244.117.25","IP","21"
"WatchWB-DB","INPUT","DROP","5","192.210.223.25","IP","70"
"WatchWB-DB","INPUT","DROP","5","205.210.31.166","IP","4"
"WatchWB-DB","INPUT","DROP","5","85.208.96.209","IP","44"
"WatchWB-DB","INPUT","DROP","5","51.195.183.56","IP","5"
"WatchWB-DB","INPUT","DROP","5","205.210.31.131","IP","1"
"WatchWB-DB","INPUT","DROP","5","51.68.111.209","IP","5"
"WatchWB-DB","INPUT","DROP","5","35.171.117.160","IP","8"
"WatchWB-DB","INPUT","DROP","5","147.185.132.190","IP","4"
"WatchWB-DB","INPUT","DROP","5","57.141.20.37","IP","42"
"WatchWB-DB","INPUT","DROP","5","57.141.20.59","IP","14"
"WatchWB-DB","INPUT","DROP","5","44.220.2.97","IP","4"
"WatchWB-DB","INPUT","DROP","5","51.195.183.250","IP","5"
"WatchWB-DB","INPUT","DROP","5","114.119.132.108","IP","40"
"WatchWB-DB","INPUT","DROP","5","57.141.20.13","IP","35"
"WatchWB-DB","INPUT","DROP","5","57.141.20.26","IP","56"
"WatchWB-DB","INPUT","DROP","5","91.232.238.112","IP","7"
"WatchWB-DB","INPUT","DROP","5","43.173.180.223","IP","40"
"WatchMX-DB","INPUT","DROP","5","167.94.138.190","IP","4"
"WatchMX-DB","INPUT","DROP","5","167.94.138.44","IP","6"
"WatchMX-DB","INPUT","DROP","5","20.168.122.37","IP","2"
"WatchMX-DB","INPUT","DROP","5","162.142.125.114","IP","14"
"WatchMX-DB","INPUT","DROP","5","205.210.31.108","IP","6"
"WatchMX-DB","INPUT","DROP","5","65.49.1.122","IP","5"
"WatchMX-DB","INPUT","DROP","5","205.210.31.95","IP","4"
"WatchMX-DB","INPUT","DROP","5","167.94.138.183","IP","20"
"WatchMX-DB","INPUT","DROP","5","162.216.149.107","IP","1"
"WatchMX-DB","INPUT","DROP","5","205.210.31.96","IP","6"
"WatchMX-DB","INPUT","DROP","5","165.154.40.10","IP","1"
"WatchMX-DB","INPUT","DROP","5","199.45.155.99","IP","6"
"WatchMX-DB","INPUT","DROP","5","167.94.138.203","IP","10"
"WatchMX-DB","INPUT","DROP","5","66.132.153.120","IP","3"
"WatchMX-DB","INPUT","DROP","5","147.185.133.127","IP","1"
"WatchMX-DB","INPUT","DROP","5","199.45.154.148","IP","5"
"WatchMX-DB","INPUT","DROP","5","20.65.195.17","IP","1"
"WatchMX-DB","INPUT","DROP","5","199.45.155.73","IP","5"
"WatchMX-DB","INPUT","DROP","5","198.235.24.185","IP","1"
"WatchMX-DB","INPUT","DROP","5","66.132.153.121","IP","56"
"WatchMX-DB","INPUT","DROP","5","147.185.133.18","IP","1"
"WatchMX-DB","INPUT","DROP","5","147.185.132.63","IP","4"
"WatchMX-DB","INPUT","DROP","5","66.132.153.136","IP","57"
"WatchMX-DB","INPUT","DROP","5","40.124.173.139","IP","1"
"WatchMX-DB","INPUT","DROP","5","205.210.31.9","IP","3"
"WatchMX-DB","INPUT","DROP","5","162.142.125.118","IP","9"
"WatchMX-DB","INPUT","DROP","5","167.94.138.112","IP","4"
"WatchMX-DB","INPUT","DROP","5","162.142.125.43","IP","11"
"WatchMX-DB","INPUT","DROP","5","147.185.132.109","IP","1"
"WatchMX-DB","INPUT","DROP","5","167.94.146.52","IP","7"
"WatchMX-DB","INPUT","DROP","5","147.185.132.227","IP","1"
"WatchMX-DB","INPUT","DROP","5","198.235.24.90","IP","6"
"WatchMX-DB","INPUT","DROP","5","20.168.121.237","IP","1"
"WatchMX-DB","INPUT","DROP","5","65.49.20.66","IP","9"
"WatchMX-DB","INPUT","DROP","5","198.235.24.150","IP","1"
"WatchMX-DB","INPUT","DROP","5","147.185.132.40","IP","4"
"WatchMX-DB","INPUT","DROP","5","167.94.138.188","IP","4"
"WatchMX-DB","INPUT","DROP","5","147.185.133.59","IP","2"
"WatchMX-DB","INPUT","DROP","5","167.94.138.200","IP","9"
"WatchMX-DB","INPUT","DROP","5","20.65.154.228","IP","3"
"WatchMX-DB","INPUT","DROP","5","167.94.138.119","IP","4"
"WatchMX-DB","INPUT","DROP","5","3.130.96.91","IP","159"
"WatchMX-DB","INPUT","DROP","5","162.142.125.125","IP","13"
"WatchMX-DB","INPUT","DROP","5","167.94.146.62","IP","28"
"WatchMX-DB","INPUT","DROP","5","59.6.25.118","IP","10"
"WatchMX-DB","INPUT","DROP","5","199.45.155.111","IP","6"
"WatchMX-DB","INPUT","DROP","5","147.185.133.192","IP","1"
"WatchMX-DB","INPUT","DROP","5","205.210.31.178","IP","5"
"WatchMX-DB","INPUT","DROP","5","167.71.132.111","IP","8"
"WatchMX-DB","INPUT","DROP","5","147.185.132.129","IP","2"
"WatchMX-DB","INPUT","DROP","5","199.45.154.124","IP","61"
"WatchMX-DB","INPUT","DROP","5","147.185.133.107","IP","2"
"WatchMX-DB","INPUT","DROP","5","167.94.146.50","IP","10"
"WatchMX-DB","INPUT","DROP","5","205.210.31.49","IP","2"
"WatchMX-DB","INPUT","DROP","5","20.80.105.157","IP","1"
"WatchMX-DB","INPUT","DROP","5","162.142.125.207","IP","9"
"WatchMX-DB","INPUT","DROP","5","199.45.155.88","IP","3"
"WatchMX-DB","INPUT","DROP","5","89.248.167.131","IP","11"
"WatchMX-DB","INPUT","DROP","5","162.142.125.124","IP","12"
"WatchMX-DB","INPUT","DROP","5","167.94.138.189","IP","15"
"WatchMX-DB","INPUT","DROP","5","45.82.78.106","IP","24"
"WatchMX-DB","INPUT","DROP","5","167.94.138.167","IP","5"
"WatchMX-DB","INPUT","DROP","5","167.94.138.201","IP","5"
"WatchMX-DB","INPUT","DROP","5","64.62.197.167","IP","6"
"WatchMX-DB","INPUT","DROP","5","147.185.132.26","IP","1"
"WatchMX-DB","INPUT","DROP","5","135.237.126.149","IP","2"
"WatchMX-DB","INPUT","DROP","5","147.185.132.85","IP","5"
"WatchMX-DB","INPUT","DROP","5","172.202.117.196","IP","1"
"WatchMX-DB","INPUT","DROP","5","167.94.138.194","IP","11"
"WatchMX-DB","INPUT","DROP","5","64.62.197.122","IP","1"
"WatchMX-DB","INPUT","DROP","5","165.227.205.126","IP","1"
"WatchMX-DB","INPUT","DROP","5","66.132.153.115","IP","18"
"WatchMX-DB","INPUT","DROP","5","35.203.210.195","IP","2"
"WatchMX-DB","INPUT","DROP","5","198.235.24.253","IP","3"
"WatchMX-DB","INPUT","DROP","5","71.6.199.87","IP","5"
"WatchMX-DB","INPUT","DROP","5","147.185.133.207","IP","3"
"WatchMX-DB","INPUT","DROP","5","20.168.127.155","IP","1"
"WatchMX-DB","INPUT","DROP","5","167.94.138.46","IP","15"
"WatchMX-DB","INPUT","DROP","5","52.180.157.88","IP","1"
"WatchMX-DB","INPUT","DROP","5","205.210.31.222","IP","1"
"WatchMX-DB","INPUT","DROP","5","205.210.31.193","IP","4"
"WatchMX-DB","INPUT","DROP","5","3.132.23.201","IP","317"
"WatchMX-DB","INPUT","DROP","5","199.45.155.84","IP","10"
"WatchMX-DB","INPUT","DROP","5","199.45.154.133","IP","9"
"WatchMX-DB","INPUT","DROP","5","199.45.154.156","IP","16"
"WatchMX-DB","INPUT","DROP","5","216.218.206.67","IP","19"
"WatchMX-DB","INPUT","DROP","5","205.210.31.59","IP","4"
"WatchMX-DB","INPUT","DROP","5","147.185.132.51","IP","3"
"WatchMX-DB","INPUT","DROP","5","198.235.24.42","IP","8"
"WatchMX-DB","INPUT","DROP","5","66.132.153.133","IP","15"
"WatchMX-DB","INPUT","DROP","5","1.215.233.74","IP","7"
"WatchMX-DB","INPUT","DROP","5","20.29.19.243","IP","3"
"WatchMX-DB","INPUT","DROP","5","20.127.244.67","IP","1"
"WatchMX-DB","INPUT","DROP","5","147.185.133.37","IP","1"
"WatchMX-DB","INPUT","DROP","5","147.185.133.154","IP","3"
"WatchMX-DB","INPUT","DROP","5","198.235.24.233","IP","6"
"WatchMX-DB","INPUT","DROP","5","165.154.41.152","IP","4"
"WatchMX-DB","INPUT","DROP","5","47.251.92.176","IP","1"
"WatchMX-DB","INPUT","DROP","5","147.185.133.254","IP","1"
"WatchMX-DB","INPUT","DROP","5","205.210.31.39","IP","3"
"WatchMX-DB","INPUT","DROP","5","20.163.15.124","IP","1"
"WatchMX-DB","INPUT","DROP","5","147.185.132.223","IP","1"
"WatchMX-DB","INPUT","DROP","5","172.202.118.72","IP","1"
"WatchMX-DB","INPUT","DROP","5","147.185.132.53","IP","2"
"WatchMX-DB","INPUT","DROP","5","71.6.232.29","IP","4"
"WatchMX-DB","INPUT","DROP","5","20.163.15.247","IP","1"
"WatchMX-DB","INPUT","DROP","5","205.210.31.101","IP","4"
"WatchMX-DB","INPUT","DROP","5","71.6.232.20","IP","3"
"WatchMX-DB","INPUT","DROP","5","167.94.138.115","IP","63"
"WatchMX-DB","INPUT","DROP","5","135.237.126.195","IP","1"
"WatchMX-DB","INPUT","DROP","5","147.185.132.80","IP","1"
"WatchMX-DB","INPUT","DROP","5","205.210.31.144","IP","2"
"WatchMX-DB","INPUT","DROP","5","40.124.185.213","IP","1"
"WatchMX-DB","INPUT","DROP","5","199.45.154.153","IP","3"
"WatchMX-DB","INPUT","DROP","5","86.54.31.32","IP","7"
"WatchMX-DB","INPUT","DROP","5","147.185.133.125","IP","3"
"WatchMX-DB","INPUT","DROP","5","199.45.155.64","IP","8"
"WatchMX-DB","INPUT","DROP","5","185.242.226.36","IP","4"
"WatchMX-DB","INPUT","DROP","5","167.94.138.32","IP","4"
"WatchMX-DB","INPUT","DROP","5","205.210.31.104","IP","4"
"WatchMX-DB","INPUT","DROP","5","167.94.138.124","IP","18"
"WatchMX-DB","INPUT","DROP","5","167.94.138.37","IP","6"
"WatchMX-DB","INPUT","DROP","5","167.94.138.181","IP","26"
"WatchMX-DB","INPUT","DROP","5","198.235.24.171","IP","4"
"WatchMX-DB","INPUT","DROP","5","47.251.158.235","IP","5"
"WatchMX-DB","INPUT","DROP","5","66.240.236.119","IP","9"
"WatchMX-DB","INPUT","DROP","5","66.132.153.122","IP","15"
"WatchMX-DB","INPUT","DROP","5","135.237.127.238","IP","1"
"WatchMX-DB","INPUT","DROP","5","167.94.146.58","IP","42"
"WatchMX-DB","INPUT","DROP","5","45.227.254.155","IP","6"
"WatchMX-DB","INPUT","DROP","5","198.235.24.86","IP","1"
"WatchMX-DB","INPUT","DROP","5","198.235.24.38","IP","2"
"WatchMX-DB","INPUT","DROP","5","13.86.116.159","IP","1"
"WatchMX-DB","INPUT","DROP","5","199.45.155.89","IP","16"
"WatchMX-DB","INPUT","DROP","5","71.6.134.233","IP","11"
"WatchMX-DB","INPUT","DROP","5","66.132.153.129","IP","15"
"WatchMX-DB","INPUT","DROP","5","162.142.125.40","IP","18"
"WatchMX-DB","INPUT","DROP","5","199.45.155.107","IP","9"
"WatchMX-DB","INPUT","DROP","5","198.235.24.44","IP","11"
"WatchMX-DB","INPUT","DROP","5","50.6.250.242","IP","1"
"WatchMX-DB","INPUT","DROP","5","172.178.83.182","IP","1"
"WatchMX-DB","INPUT","DROP","5","20.65.194.56","IP","1"
"WatchMX-DB","INPUT","DROP","5","194.164.107.5","IP","3"
"WatchMX-DB","INPUT","DROP","5","185.242.226.19","IP","1"
"WatchMX-DB","INPUT","DROP","5","199.45.154.138","IP","15"
"WatchMX-DB","INPUT","DROP","5","207.90.244.14","IP","9"
"WatchMX-DB","INPUT","DROP","5","20.169.49.16","IP","1"
"WatchMX-DB","INPUT","DROP","5","45.82.78.108","IP","12"
"WatchMX-DB","INPUT","DROP","5","167.94.138.172","IP","6"
"WatchMX-DB","INPUT","DROP","5","205.210.31.244","IP","4"
"WatchMX-DB","INPUT","DROP","5","5.253.59.133","IP","24"
"WatchMX-DB","INPUT","DROP","5","20.168.121.93","IP","1"
"WatchMX-DB","INPUT","DROP","5","3.137.73.221","IP","250"
"WatchMX-DB","INPUT","DROP","5","172.210.68.13","IP","2"
"WatchMX-DB","INPUT","DROP","5","199.45.155.102","IP","4"
"WatchMX-DB","INPUT","DROP","5","20.127.244.253","IP","1"
"WatchMX-DB","INPUT","DROP","5","167.94.146.61","IP","4"
"WatchMX-DB","INPUT","DROP","5","147.185.132.15","IP","7"
"WatchMX-DB","INPUT","DROP","5","66.132.153.141","IP","6"
"WatchMX-DB","INPUT","DROP","5","162.142.125.217","IP","6"
"WatchMX-DB","INPUT","DROP","5","13.86.117.139","IP","2"
"WatchMX-DB","INPUT","DROP","5","147.185.133.20","IP","2"
"WatchMX-DB","INPUT","DROP","5","45.227.254.152","IP","3"
"WatchMX-DB","INPUT","DROP","5","167.94.138.206","IP","4"
"WatchMX-DB","INPUT","DROP","5","66.132.153.124","IP","11"
"WatchMX-DB","INPUT","DROP","5","199.45.154.121","IP","9"
"WatchMX-DB","INPUT","DROP","5","147.185.132.246","IP","4"
"WatchMX-DB","INPUT","DROP","5","165.22.72.144","IP","1"
"WatchMX-DB","INPUT","DROP","5","74.235.100.212","IP","2"
"WatchMX-DB","INPUT","DROP","5","47.251.93.165","IP","2"
"WatchMX-DB","INPUT","DROP","5","47.251.158.247","IP","10"
"WatchMX-DB","INPUT","DROP","5","199.45.154.145","IP","10"
"WatchMX-DB","INPUT","DROP","5","20.168.123.252","IP","1"
"WatchMX-DB","INPUT","DROP","5","172.203.251.111","IP","2"
"WatchMX-DB","INPUT","DROP","5","66.132.153.119","IP","36"
"WatchMX-DB","INPUT","DROP","5","198.235.24.89","IP","6"
"WatchMX-DB","INPUT","DROP","5","147.185.132.72","IP","2"
"WatchMX-DB","INPUT","DROP","5","40.124.127.239","IP","1"
"WatchMX-DB","INPUT","DROP","5","199.45.154.120","IP","11"
"WatchMX-DB","INPUT","DROP","5","20.168.0.133","IP","1"
"WatchMX-DB","INPUT","DROP","5","198.235.24.182","IP","3"
"WatchMX-DB","INPUT","DROP","5","172.105.197.151","IP","1"
"WatchMX-DB","INPUT","DROP","5","71.6.199.65","IP","6"
"WatchMX-DB","INPUT","DROP","5","167.94.138.176","IP","30"
"WatchMX-DB","INPUT","DROP","5","135.237.127.87","IP","1"
"WatchMX-DB","INPUT","DROP","5","147.185.133.51","IP","1"
"WatchMX-DB","INPUT","DROP","5","149.28.49.123","IP","4"
"WatchMX-DB","INPUT","DROP","5","194.165.16.163","IP","3"
"WatchMX-DB","INPUT","DROP","5","91.238.181.96","IP","9"
"WatchMX-DB","INPUT","DROP","5","198.235.24.255","IP","6"
"WatchMX-DB","INPUT","DROP","5","148.153.189.62","IP","15"
"WatchMX-DB","INPUT","DROP","5","93.174.95.106","IP","7"
"WatchMX-DB","INPUT","DROP","5","198.235.24.217","IP","3"
"WatchMX-DB","INPUT","DROP","5","152.32.169.7","IP","2"
"WatchMX-DB","INPUT","DROP","5","194.165.16.166","IP","3"
"WatchMX-DB","INPUT","DROP","5","147.185.133.161","IP","3"
"WatchMX-DB","INPUT","DROP","5","147.185.133.15","IP","2"
"WatchMX-DB","INPUT","DROP","5","13.86.105.19","IP","1"
"WatchMX-DB","INPUT","DROP","5","147.185.133.112","IP","1"
"WatchMX-DB","INPUT","DROP","5","147.185.133.88","IP","3"
"WatchMX-DB","INPUT","DROP","5","162.142.125.193","IP","6"
"WatchMX-DB","INPUT","DROP","5","47.81.14.7","IP","19"
"WatchMX-DB","INPUT","DROP","5","147.185.132.217","IP","2"
"WatchMX-DB","INPUT","DROP","5","71.6.232.28","IP","5"
"WatchMX-DB","INPUT","DROP","5","20.14.93.239","IP","1"
"WatchMX-DB","INPUT","DROP","5","20.64.96.205","IP","1"
"WatchMX-DB","INPUT","DROP","5","3.149.59.26","IP","165"
"WatchMX-DB","INPUT","DROP","5","20.163.6.253","IP","1"
"WatchMX-DB","INPUT","DROP","5","147.185.133.82","IP","2"
"WatchMX-DB","INPUT","DROP","5","20.65.194.99","IP","3"
"WatchMX-DB","INPUT","DROP","5","199.45.155.77","IP","13"
"WatchMX-DB","INPUT","DROP","5","162.142.125.122","IP","22"
"WatchMX-DB","INPUT","DROP","5","198.235.24.126","IP","6"
"WatchMX-DB","INPUT","DROP","5","20.163.15.217","IP","4"
"WatchMX-DB","INPUT","DROP","5","198.235.24.167","IP","3"
"WatchMX-DB","INPUT","DROP","5","162.216.150.58","IP","3"
"WatchMX-DB","INPUT","DROP","5","167.94.138.192","IP","6"
"WatchMX-DB","INPUT","DROP","5","198.235.24.53","IP","4"
"WatchMX-DB","INPUT","DROP","5","147.185.133.3","IP","1"
"WatchMX-DB","INPUT","DROP","5","147.185.132.192","IP","6"
"WatchMX-DB","INPUT","DROP","5","147.185.132.91","IP","2"
"WatchMX-DB","INPUT","DROP","5","20.169.107.214","IP","1"
"WatchMX-DB","INPUT","DROP","5","71.6.134.234","IP","11"
"WatchMX-DB","INPUT","DROP","5","198.235.24.220","IP","2"
"WatchMX-DB","INPUT","DROP","5","199.45.154.146","IP","9"
"WatchMX-DB","INPUT","DROP","5","167.94.138.186","IP","10"
"WatchMX-DB","INPUT","DROP","5","155.2.215.2","IP","101"
"WatchMX-DB","INPUT","DROP","5","198.235.24.200","IP","4"
"WatchMX-DB","INPUT","DROP","5","162.142.125.113","IP","5"
"WatchMX-DB","INPUT","DROP","5","66.132.153.118","IP","6"
"WatchMX-DB","INPUT","DROP","5","167.94.146.54","IP","45"
"WatchMX-DB","INPUT","DROP","5","152.32.180.138","IP","1"
"WatchMX-DB","INPUT","DROP","5","162.142.125.119","IP","10"
"WatchMX-DB","INPUT","DROP","5","147.185.132.154","IP","5"
"WatchMX-DB","INPUT","DROP","5","40.124.185.240","IP","1"
"WatchMX-DB","INPUT","DROP","5","66.132.153.112","IP","8"
"WatchMX-DB","INPUT","DROP","5","147.185.133.67","IP","3"
"WatchMX-DB","INPUT","DROP","5","147.185.133.6","IP","1"
"WatchMX-DB","INPUT","DROP","5","198.235.24.249","IP","1"
"WatchMX-DB","INPUT","DROP","5","198.235.24.207","IP","2"
"WatchMX-DB","INPUT","DROP","5","167.94.138.177","IP","70"
"WatchMX-DB","INPUT","DROP","5","20.163.34.41","IP","1"
"WatchMX-DB","INPUT","DROP","5","147.185.133.36","IP","2"
"WatchMX-DB","INPUT","DROP","5","167.94.138.202","IP","5"
"WatchLG-DB","INPUT","DROP","5","45.33.80.243","IP","3"
"WatchLG-DB","INPUT","DROP","5","20.42.108.100","IP","3"
"WatchLG-DB","INPUT","DROP","5","45.43.63.237","IP","1"
"WatchLG-DB","INPUT","DROP","5","45.78.217.181","IP","4"
"WatchLG-DB","INPUT","DROP","5","45.78.222.124","IP","4"
"WatchLG-DB","INPUT","DROP","5","91.230.168.29","IP","6"
"WatchLG-DB","INPUT","DROP","5","91.230.168.254","IP","6"
"WatchLG-DB","INPUT","DROP","5","138.68.104.233","IP","14"
"WatchLG-DB","INPUT","DROP","5","5.34.182.15","IP","4"
"WatchLG-DB","INPUT","DROP","5","172.202.118.46","IP","1"
"WatchLG-DB","INPUT","DROP","5","165.22.193.223","IP","1"
"WatchLG-DB","INPUT","DROP","5","5.187.35.21","IP","18"
"WatchLG-DB","INPUT","DROP","5","101.47.48.72","IP","4"
"WatchLG-DB","INPUT","DROP","5","64.62.156.66","IP","3"
"WatchLG-DB","INPUT","DROP","5","65.49.1.152","IP","3"
"WatchLG-DB","INPUT","DROP","5","202.157.176.165","IP","4"
"WatchLG-DB","INPUT","DROP","5","197.225.146.23","IP","4"
"WatchLG-DB","INPUT","DROP","5","195.184.76.247","IP","6"
"WatchLG-DB","INPUT","DROP","5","91.196.152.216","IP","6"
"WatchLG-DB","INPUT","DROP","5","185.242.226.17","IP","4"
"WatchLG-DB","INPUT","DROP","5","101.47.142.22","IP","4"
"WatchLG-DB","INPUT","DROP","5","20.88.55.220","IP","4"
"WatchLG-DB","INPUT","DROP","5","64.62.156.152","IP","3"
"WatchLG-DB","INPUT","DROP","5","172.236.228.115","IP","4"
"WatchLG-DB","INPUT","DROP","5","45.78.217.97","IP","4"
"WatchLG-DB","INPUT","DROP","5","172.236.228.245","IP","3"
"WatchLG-DB","INPUT","DROP","5","101.47.141.119","IP","4"
"WatchLG-DB","INPUT","DROP","5","101.47.162.25","IP","4"
"WatchLG-DB","INPUT","DROP","5","20.163.74.182","IP","1"
"WatchLG-DB","INPUT","DROP","5","45.78.194.233","IP","4"
"WatchLG-DB","INPUT","DROP","5","20.83.27.89","IP","1"
"WatchLG-DB","INPUT","DROP","5","192.3.159.149","IP","4"
"WatchLG-DB","INPUT","DROP","5","45.78.217.220","IP","4"
"WatchLG-DB","INPUT","DROP","5","20.84.166.43","IP","1"
"WatchLG-DB","INPUT","DROP","5","45.78.216.99","IP","4"
"WatchLG-DB","INPUT","DROP","5","162.142.125.42","IP","9"
"WatchLG-DB","INPUT","DROP","5","101.47.143.255","IP","4"
"WatchLG-DB","INPUT","DROP","5","118.193.65.234","IP","2"
"WatchLG-DB","INPUT","DROP","5","65.49.1.132","IP","7"
"WatchLG-DB","INPUT","DROP","5","181.49.50.6","IP","4"
"WatchLG-DB","INPUT","DROP","5","91.231.89.116","IP","6"
"WatchLG-DB","INPUT","DROP","5","24.199.117.9","IP","12"
"WatchLG-DB","INPUT","DROP","5","199.195.251.10","IP","4"
"WatchLG-DB","INPUT","DROP","5","65.49.1.80","IP","1"
"WatchLG-DB","INPUT","DROP","5","202.165.16.9","IP","7"
"WatchLG-DB","INPUT","DROP","5","164.90.207.105","IP","8"
"WatchLG-DB","INPUT","DROP","5","195.184.76.10","IP","5"
"WatchLG-DB","INPUT","DROP","5","45.78.222.150","IP","4"
"WatchLG-DB","INPUT","DROP","5","5.133.121.104","IP","12"
"WatchLG-DB","INPUT","DROP","5","64.62.156.52","IP","1"
"WatchLG-DB","INPUT","DROP","5","20.221.57.26","IP","1"
"WatchLG-DB","INPUT","DROP","5","173.255.221.79","IP","1"
"WatchLG-DB","INPUT","DROP","5","64.62.156.182","IP","1"
"WatchLG-DB","INPUT","DROP","5","209.141.33.240","IP","7"
"WatchLG-DB","INPUT","DROP","5","38.137.11.10","IP","4"
"WatchLG-DB","INPUT","DROP","5","40.80.203.87","IP","1"
"WatchLG-DB","INPUT","DROP","5","142.93.27.16","IP","4"
"WatchLG-DB","INPUT","DROP","5","159.223.8.81","IP","7"
"WatchLG-DB","INPUT","DROP","5","101.36.109.130","IP","8"
"WatchLG-DB","INPUT","DROP","5","195.184.76.17","IP","6"
"WatchLG-DB","INPUT","DROP","5","152.200.217.230","IP","2"
"WatchLG-DB","INPUT","DROP","5","43.166.3.199","IP","1"
"WatchLG-DB","INPUT","DROP","5","45.78.194.243","IP","8"
"WatchLG-DB","INPUT","DROP","5","91.231.89.248","IP","6"
"WatchLG-DB","INPUT","DROP","5","45.78.217.93","IP","4"
"WatchLG-DB","INPUT","DROP","5","20.55.24.39","IP","2"
"WatchLG-DB","INPUT","DROP","5","184.105.139.67","IP","9"
"WatchLG-DB","INPUT","DROP","5","52.165.89.103","IP","1"
"WatchLG-DB","INPUT","DROP","5","202.165.15.132","IP","8"
"WatchLG-DB","INPUT","DROP","5","205.185.126.121","IP","8"
"WatchLG-DB","INPUT","DROP","5","154.222.24.142","IP","4"
"WatchLG-DB","INPUT","DROP","5","197.5.145.8","IP","4"
"WatchLG-DB","INPUT","DROP","5","3.134.148.59","IP","493"
"WatchLG-DB","INPUT","DROP","5","123.58.207.81","IP","4"
"WatchLG-DB","INPUT","DROP","5","91.196.152.92","IP","12"
"WatchLG-DB","INPUT","DROP","5","154.82.84.134","IP","4"
"WatchLG-DB","INPUT","DROP","5","205.185.127.60","IP","4"
"WatchLG-DB","INPUT","DROP","5","91.238.181.92","IP","6"
"WatchLG-DB","INPUT","DROP","5","20.163.6.104","IP","2"
"WatchLG-DB","INPUT","DROP","5","154.198.162.75","IP","4"
"WatchLG-DB","INPUT","DROP","5","89.248.168.227","IP","23"
"WatchLG-DB","INPUT","DROP","5","199.45.154.123","IP","43"
"WatchLG-DB","INPUT","DROP","5","216.218.206.66","IP","2"
"WatchLG-DB","INPUT","DROP","5","12.189.234.27","IP","4"
"WatchLG-DB","INPUT","DROP","5","61.245.11.87","IP","2"
"WatchLG-DB","INPUT","DROP","5","103.14.32.75","IP","1"
"WatchLG-DB","INPUT","DROP","5","45.78.217.70","IP","4"
"WatchLG-DB","INPUT","DROP","5","156.245.248.226","IP","1"
"WatchLG-DB","INPUT","DROP","5","222.110.147.56","IP","4"
"WatchLG-DB","INPUT","DROP","5","172.202.118.40","IP","1"
"WatchLG-DB","INPUT","DROP","5","64.62.156.24","IP","1"
"WatchLG-DB","INPUT","DROP","5","91.231.89.249","IP","6"
"WatchLG-DB","INPUT","DROP","5","101.47.160.101","IP","4"
"WatchLG-DB","INPUT","DROP","5","45.78.229.173","IP","4"
"WatchLG-DB","INPUT","DROP","5","65.49.1.94","IP","6"
"WatchLG-DB","INPUT","DROP","5","154.124.97.102","IP","4"
"WatchLG-DB","INPUT","DROP","5","45.78.219.56","IP","4"
"WatchLG-DB","INPUT","DROP","5","168.187.157.200","IP","65"
"WatchLG-DB","INPUT","DROP","5","213.169.44.220","IP","8"
"WatchLG-DB","INPUT","DROP","5","187.140.204.135","IP","4"
"WatchLG-DB","INPUT","DROP","5","138.248.168.20","IP","4"
"WatchLG-DB","INPUT","DROP","5","45.78.198.89","IP","4"
"WatchLG-DB","INPUT","DROP","5","23.237.104.29","IP","3"
"WatchLG-DB","INPUT","DROP","5","91.231.89.110","IP","8"
"WatchLG-DB","INPUT","DROP","5","104.152.40.8","IP","4"
"WatchLG-DB","INPUT","DROP","5","45.78.198.115","IP","4"
"WatchLG-DB","INPUT","DROP","5","212.227.244.80","IP","14813"
"WatchLG-DB","INPUT","DROP","5","65.49.1.162","IP","9"
"WatchLG-DB","INPUT","DROP","5","40.124.172.78","IP","2"
"WatchLG-DB","INPUT","DROP","5","102.88.137.80","IP","4"
"WatchLG-DB","INPUT","DROP","5","65.49.1.66","IP","1"
"WatchLG-DB","INPUT","DROP","5","152.32.239.90","IP","4"
"WatchLG-DB","INPUT","DROP","5","101.47.142.188","IP","4"
"WatchLG-DB","INPUT","DROP","5","45.78.222.225","IP","4"
"WatchLG-DB","INPUT","DROP","5","185.193.240.246","IP","4"
"WatchLG-DB","INPUT","DROP","5","31.13.213.232","IP","4"
"WatchLG-DB","INPUT","DROP","5","64.62.156.142","IP","1"
"WatchLG-DB","INPUT","DROP","5","20.203.42.204","IP","4"
"WatchLG-DB","INPUT","DROP","5","165.154.1.18","IP","2"
"WatchLG-DB","INPUT","DROP","5","64.62.197.212","IP","1"
"WatchLG-DB","INPUT","DROP","5","45.78.227.255","IP","8"
"WatchLG-DB","INPUT","DROP","5","103.164.81.65","IP","4"
"WatchLG-DB","INPUT","DROP","5","91.231.89.86","IP","6"
"WatchLG-DB","INPUT","DROP","5","135.233.112.102","IP","1"
"WatchLG-DB","INPUT","DROP","5","38.20.0.83","IP","1"
"WatchLG-DB","INPUT","DROP","5","184.105.247.194","IP","19"
"WatchLG-DB","INPUT","DROP","5","101.36.97.172","IP","3"
"WatchLG-DB","INPUT","DROP","5","104.131.185.141","IP","7"
"WatchLG-DB","INPUT","DROP","5","101.47.161.75","IP","4"
"WatchLG-DB","INPUT","DROP","5","45.78.202.65","IP","4"
"WatchLG-DB","INPUT","DROP","5","159.89.161.111","IP","4"
"WatchLG-DB","INPUT","DROP","5","219.241.57.9","IP","4"
"WatchLG-DB","INPUT","DROP","5","172.208.24.217","IP","4"
"WatchLG-DB","INPUT","DROP","5","12.156.67.18","IP","7"
"WatchLG-DB","INPUT","DROP","5","36.255.220.229","IP","1"
"WatchLG-DB","INPUT","DROP","5","45.78.222.79","IP","4"
"WatchLG-DB","INPUT","DROP","5","101.47.50.52","IP","4"
"WatchLG-DB","INPUT","DROP","5","91.231.89.130","IP","6"
"WatchLG-DB","INPUT","DROP","5","66.175.213.4","IP","4"
"WatchLG-DB","INPUT","DROP","5","195.184.76.22","IP","13"
"WatchLG-DB","INPUT","DROP","5","186.10.86.130","IP","4"
"WatchLG-DB","INPUT","DROP","5","45.78.217.32","IP","4"
"WatchLG-DB","INPUT","DROP","5","94.102.49.155","IP","16"
"WatchLG-DB","INPUT","DROP","5","51.158.205.203","IP","10"
"WatchLG-DB","INPUT","DROP","5","20.98.128.111","IP","1"
"WatchLG-DB","INPUT","DROP","5","20.150.194.114","IP","2"
"WatchLG-DB","INPUT","DROP","5","146.190.112.196","IP","4"
"WatchLG-DB","INPUT","DROP","5","167.99.78.165","IP","6"
"WatchLG-DB","INPUT","DROP","5","45.79.181.251","IP","6"
"WatchLG-DB","INPUT","DROP","5","172.236.228.220","IP","3"
"WatchLG-DB","INPUT","DROP","5","65.49.1.182","IP","1"
"WatchLG-DB","INPUT","DROP","5","101.47.135.95","IP","4"
"WatchLG-DB","INPUT","DROP","5","198.98.53.110","IP","2"
"WatchLG-DB","INPUT","DROP","5","195.184.76.24","IP","5"
"WatchLG-DB","INPUT","DROP","5","20.65.193.148","IP","1"
"WatchLG-DB","INPUT","DROP","5","101.47.51.7","IP","4"
"WatchLG-DB","INPUT","DROP","5","5.182.83.231","IP","4"
"WatchLG-DB","INPUT","DROP","5","64.227.156.63","IP","7"
"WatchLG-DB","INPUT","DROP","5","91.230.168.2","IP","6"
"WatchLG-DB","INPUT","DROP","5","45.78.202.58","IP","4"
"WatchLG-DB","INPUT","DROP","5","45.78.222.190","IP","8"
"WatchLG-DB","INPUT","DROP","5","165.154.182.53","IP","2"
"WatchLG-DB","INPUT","DROP","5","65.49.1.142","IP","9"
"WatchLG-DB","INPUT","DROP","5","20.163.15.34","IP","1"
"WatchLG-DB","INPUT","DROP","5","154.221.28.214","IP","4"
"WatchLG-DB","INPUT","DROP","5","64.62.197.2","IP","1"
"WatchLG-DB","INPUT","DROP","5","91.231.89.204","IP","8"
"WatchLG-DB","INPUT","DROP","5","101.47.49.109","IP","4"
"WatchLG-DB","INPUT","DROP","5","45.78.217.122","IP","4"
"WatchLG-DB","INPUT","DROP","5","43.252.231.122","IP","2"
"WatchLG-DB","INPUT","DROP","5","8.222.181.172","IP","1"
"WatchLG-DB","INPUT","DROP","5","20.12.41.6","IP","4"
"WatchLG-DB","INPUT","DROP","5","65.49.1.52","IP","3"
"WatchLG-DB","INPUT","DROP","5","20.127.224.153","IP","4"
"WatchLG-DB","INPUT","DROP","5","45.78.204.222","IP","4"
"WatchLG-DB","INPUT","DROP","5","45.78.227.89","IP","4"
"WatchLG-DB","INPUT","DROP","5","58.82.169.249","IP","1"
"WatchLG-DB","INPUT","DROP","5","212.72.14.244","IP","4"
"WatchLG-DB","INPUT","DROP","5","172.172.196.177","IP","7"
"WatchLG-DB","INPUT","DROP","5","8.133.194.64","IP","20"
"WatchLG-DB","INPUT","DROP","5","45.78.202.90","IP","4"
"WatchLG-DB","INPUT","DROP","5","118.193.56.235","IP","4"
"WatchLG-DB","INPUT","DROP","5","165.154.41.56","IP","8"
"WatchLG-DB","INPUT","DROP","5","101.47.142.21","IP","4"
"WatchLG-DB","INPUT","DROP","5","147.50.227.79","IP","4"
"WatchLG-DB","INPUT","DROP","5","20.118.233.189","IP","1"
"WatchLG-DB","INPUT","DROP","5","152.32.185.214","IP","4"
"WatchLG-DB","INPUT","DROP","5","79.106.73.114","IP","8"
"WatchLG-DB","INPUT","DROP","5","45.78.217.77","IP","4"
"WatchLG-DB","INPUT","DROP","5","185.216.116.13","IP","8"
"WatchLG-DB","INPUT","DROP","5","156.54.108.185","IP","2"
"WatchLG-DB","INPUT","DROP","5","45.78.222.217","IP","4"
"WatchLG-DB","INPUT","DROP","5","20.29.21.208","IP","1"
"WatchLG-DB","INPUT","DROP","5","165.154.173.211","IP","2"
"WatchLG-DB","INPUT","DROP","5","94.26.106.81","IP","12"
"WatchLG-DB","INPUT","DROP","5","46.253.45.10","IP","4"
"WatchLG-DB","INPUT","DROP","5","20.169.104.253","IP","1"
"WatchLG-DB","INPUT","DROP","5","51.158.120.121","IP","4"
"WatchLG-DB","INPUT","DROP","5","45.78.218.138","IP","4"
"WatchLG-DB","INPUT","DROP","5","186.80.18.158","IP","4"
"WatchLG-DB","INPUT","DROP","5","66.132.153.139","IP","29"
"WatchLG-DB","INPUT","DROP","5","167.94.138.62","IP","21"
"WatchLG-DB","INPUT","DROP","5","86.54.31.38","IP","4"
"WatchLG-DB","INPUT","DROP","5","190.0.63.226","IP","4"
"WatchLG-DB","INPUT","DROP","5","2.57.121.15","IP","1"
"WatchLG-DB","INPUT","DROP","5","45.78.218.124","IP","4"
"WatchLG-DB","INPUT","DROP","5","45.78.207.13","IP","4"
"WatchLG-DB","INPUT","DROP","5","101.47.142.207","IP","4"
"WatchLG-DB","INPUT","DROP","5","154.83.15.200","IP","4"
"WatchLG-DB","INPUT","DROP","5","64.62.156.222","IP","2"
"WatchLG-DB","INPUT","DROP","5","101.47.48.65","IP","4"
"WatchLG-DB","INPUT","DROP","5","96.44.158.206","IP","4"
"WatchLG-DB","INPUT","DROP","5","45.78.217.139","IP","4"
"WatchLG-DB","INPUT","DROP","5","65.49.1.202","IP","4"
"WatchLG-DB","INPUT","DROP","5","199.45.154.134","IP","32"
"WatchLG-DB","INPUT","DROP","5","64.62.156.132","IP","1"
"WatchLG-DB","INPUT","DROP","5","172.236.228.198","IP","9"
"WatchLG-DB","INPUT","DROP","5","45.78.219.126","IP","4"
"WatchLG-DB","INPUT","DROP","5","66.132.153.131","IP","20"
"WatchLG-DB","INPUT","DROP","5","192.155.90.220","IP","7"
"WatchLG-DB","INPUT","DROP","5","40.124.175.188","IP","1"
"WatchLG-DB","INPUT","DROP","5","20.163.60.206","IP","1"
"WatchLG-DB","INPUT","DROP","5","8.222.128.242","IP","1"
"WatchLG-DB","INPUT","DROP","5","45.78.219.16","IP","4"
"WatchLG-DB","INPUT","DROP","5","20.168.122.6","IP","1"
"WatchLG-DB","INPUT","DROP","5","143.20.185.79","IP","3"
"WatchLG-DB","INPUT","DROP","5","101.47.142.202","IP","4"
"WatchLG-DB","INPUT","DROP","5","101.47.49.132","IP","4"
"WatchLG-DB","INPUT","DROP","5","20.65.193.206","IP","1"
"WatchLG-DB","INPUT","DROP","5","103.189.89.76","IP","7"
"WatchLG-DB","INPUT","DROP","5","64.62.156.38","IP","2"
"WatchLG-DB","INPUT","DROP","5","199.45.155.103","IP","21"
"WatchLG-DB","INPUT","DROP","5","45.78.203.22","IP","4"
"WatchLG-DB","INPUT","DROP","5","115.129.88.87","IP","4"
"WatchLG-DB","INPUT","DROP","5","20.14.75.2","IP","1"
"WatchLG-DB","INPUT","DROP","5","152.32.208.202","IP","1"
"WatchLG-DB","INPUT","DROP","5","154.219.125.194","IP","14"
"WatchLG-DB","INPUT","DROP","5","91.196.152.223","IP","6"
"WatchLG-DB","INPUT","DROP","5","4.150.191.6","IP","2"
"WatchLG-DB","INPUT","DROP","5","172.236.228.224","IP","4"
"WatchLG-DB","INPUT","DROP","5","101.47.161.223","IP","4"
"WatchLG-DB","INPUT","DROP","5","91.196.152.120","IP","6"
"WatchLG-DB","INPUT","DROP","5","101.47.141.71","IP","4"
"WatchLG-DB","INPUT","DROP","5","151.3.182.54","IP","12"
"WatchLG-DB","INPUT","DROP","5","143.198.68.20","IP","2"
"WatchLG-DB","INPUT","DROP","5","101.47.143.192","IP","4"
"WatchLG-DB","INPUT","DROP","5","45.78.217.60","IP","8"
"WatchLG-DB","INPUT","DROP","5","194.107.115.11","IP","4"
"WatchLG-DB","INPUT","DROP","5","64.62.156.94","IP","2"
"WatchLG-DB","INPUT","DROP","5","187.210.77.100","IP","4"
"WatchLG-DB","INPUT","DROP","5","64.62.156.172","IP","7"
"WatchLG-DB","INPUT","DROP","5","86.54.31.40","IP","14"
"WatchLG-DB","INPUT","DROP","5","50.232.189.209","IP","8"
"WatchLG-DB","INPUT","DROP","5","101.47.161.8","IP","4"
"WatchLG-DB","INPUT","DROP","5","20.64.105.25","IP","2"
"WatchLG-DB","INPUT","DROP","5","23.247.131.210","IP","1"
"WatchLG-DB","INPUT","DROP","5","40.124.175.174","IP","1"
"WatchLG-DB","INPUT","DROP","5","206.217.136.36","IP","8"
"WatchLG-DB","INPUT","DROP","5","45.78.227.234","IP","4"
"WatchLG-DB","INPUT","DROP","5","185.158.23.150","IP","4"
"WatchLG-DB","INPUT","DROP","5","101.47.50.50","IP","4"
"WatchLG-DB","INPUT","DROP","5","9.234.8.125","IP","1"
"WatchLG-DB","INPUT","DROP","5","65.49.1.10","IP","1"
"WatchLG-DB","INPUT","DROP","5","197.211.55.20","IP","5"
"WatchLG-DB","INPUT","DROP","5","45.78.218.105","IP","4"
"WatchLG-DB","INPUT","DROP","5","146.190.93.207","IP","7"
"WatchLG-DB","INPUT","DROP","5","68.183.80.103","IP","1"
"WatchLG-DB","INPUT","DROP","5","91.231.89.104","IP","6"
"WatchLG-DB","INPUT","DROP","5","176.32.195.85","IP","18"
"WatchLG-DB","INPUT","DROP","5","221.156.137.103","IP","13"
"WatchLG-DB","INPUT","DROP","5","91.238.181.95","IP","9"
"WatchLG-DB","INPUT","DROP","5","101.47.141.25","IP","4"
"WatchLG-DB","INPUT","DROP","5","210.177.143.61","IP","6"
"WatchLG-DB","INPUT","DROP","5","167.99.238.157","IP","14"
"WatchLG-DB","INPUT","DROP","5","82.24.64.209","IP","14"
"WatchLG-DB","INPUT","DROP","5","20.80.88.32","IP","1"
"WatchLG-DB","INPUT","DROP","5","45.78.204.252","IP","4"
"WatchLG-DB","INPUT","DROP","5","45.78.217.250","IP","4"
"WatchLG-DB","INPUT","DROP","5","91.231.89.209","IP","6"
"WatchLG-DB","INPUT","DROP","5","45.78.229.227","IP","8"
"WatchLG-DB","INPUT","DROP","5","64.62.197.32","IP","15"
"WatchLG-DB","INPUT","DROP","5","198.12.86.4","IP","4"
"WatchLG-DB","INPUT","DROP","5","121.136.87.130","IP","4"
"WatchLG-DB","INPUT","DROP","5","195.123.210.209","IP","10"
"WatchLG-DB","INPUT","DROP","5","118.26.111.94","IP","1"
"WatchLG-DB","INPUT","DROP","5","58.69.56.44","IP","4"
"WatchLG-DB","INPUT","DROP","5","164.152.250.192","IP","6"
"WatchLG-DB","INPUT","DROP","5","13.89.125.25","IP","1"
"WatchLG-DB","INPUT","DROP","5","20.29.23.77","IP","1"
"WatchLG-DB","INPUT","DROP","5","200.91.236.125","IP","4"
"WatchLG-DB","INPUT","DROP","5","118.193.36.63","IP","2"
"WatchLG-DB","INPUT","DROP","5","45.78.222.58","IP","4"
"WatchLG-DB","INPUT","DROP","5","101.47.161.134","IP","4"
"WatchLG-DB","INPUT","DROP","5","66.240.236.116","IP","5"
"WatchLG-DB","INPUT","DROP","5","45.78.229.73","IP","4"
"WatchLG-DB","INPUT","DROP","5","20.118.32.242","IP","1"
"WatchLG-DB","INPUT","DROP","5","45.78.194.16","IP","4"
"WatchLG-DB","INPUT","DROP","5","3.143.33.63","IP","142"
"WatchLG-DB","INPUT","DROP","5","64.62.197.227","IP","3"
"WatchLG-DB","INPUT","DROP","5","101.47.160.206","IP","4"
"WatchLG-DB","INPUT","DROP","5","143.110.241.64","IP","14"
"WatchLG-DB","INPUT","DROP","5","101.47.142.215","IP","4"
"WatchLG-DB","INPUT","DROP","5","45.79.181.179","IP","13"
"WatchLG-DB","INPUT","DROP","5","94.156.152.7","IP","30"
"WatchLG-DB","INPUT","DROP","5","199.45.154.144","IP","10"
"WatchLG-DB","INPUT","DROP","5","91.238.181.93","IP","6"
"WatchLG-DB","INPUT","DROP","5","104.194.145.47","IP","6"
"WatchLG-DB","INPUT","DROP","5","216.218.206.68","IP","4"
"WatchLG-DB","INPUT","DROP","5","101.47.49.171","IP","4"
"WatchLG-DB","INPUT","DROP","5","45.78.218.119","IP","4"
"WatchLG-DB","INPUT","DROP","5","5.181.27.149","IP","4"
"WatchLG-DB","INPUT","DROP","5","64.62.156.162","IP","2"
"WatchLG-DB","INPUT","DROP","5","195.184.76.135","IP","6"
"WatchLG-DB","INPUT","DROP","5","65.49.1.38","IP","2"
"WatchLG-DB","INPUT","DROP","5","64.62.197.62","IP","15"
"WatchLG-DB","INPUT","DROP","5","103.143.238.100","IP","4"
"WatchLG-DB","INPUT","DROP","5","211.254.212.59","IP","4"
"WatchLG-DB","INPUT","DROP","5","45.78.216.181","IP","4"
"WatchLG-DB","INPUT","DROP","5","64.62.197.197","IP","15"
"WatchLG-DB","INPUT","DROP","5","185.12.204.239","IP","56"
"WatchLG-DB","INPUT","DROP","5","152.42.203.0","IP","7"
"WatchLG-DB","INPUT","DROP","5","91.230.168.234","IP","7"
"WatchLG-DB","INPUT","DROP","5","197.13.24.157","IP","7"
"WatchLG-DB","INPUT","DROP","5","52.187.9.8","IP","4"
"WatchLG-DB","INPUT","DROP","5","27.254.137.144","IP","4"
"WatchLG-DB","INPUT","DROP","5","89.216.92.113","IP","4"
"WatchLG-DB","INPUT","DROP","5","143.110.186.36","IP","7"
"WatchLG-DB","INPUT","DROP","5","198.23.143.193","IP","4"
"WatchLG-DB","INPUT","DROP","5","152.32.247.54","IP","1"
"WatchLG-DB","INPUT","DROP","5","152.32.174.199","IP","7"
"WatchLG-DB","INPUT","DROP","5","185.6.2.126","IP","4"
"WatchLG-DB","INPUT","DROP","5","135.237.122.43","IP","7"
"WatchLG-DB","INPUT","DROP","5","91.231.89.255","IP","6"
"WatchLG-DB","INPUT","DROP","5","101.47.160.227","IP","4"
"WatchLG-DB","INPUT","DROP","5","101.47.142.206","IP","4"
"WatchLG-DB","INPUT","DROP","5","152.32.134.231","IP","7"
"WatchLG-DB","INPUT","DROP","5","164.92.106.89","IP","4"
"WatchLG-DB","INPUT","DROP","5","61.80.179.118","IP","4"
"WatchLG-DB","INPUT","DROP","5","101.36.107.228","IP","2"
